Date,Open,High,Low,Close,Stock,putIV,dt
2020-12-07,26.1,40.64,25.2,39.88,BLFS,0.0,2020-12-23 16:36:00
2020-12-08,39.75,40.09,36.79,37.23,BLFS,0.0,
2020-12-09,38.09,39.86,37.5,38.09,BLFS,0.0,
2020-12-10,37.93,40.79,37.6,40.47,BLFS,0.0,
2020-12-11,40.21,41.39,39.48,40.58,BLFS,0.0,
2020-12-14,41.53,42.89,40.23,40.9,BLFS,0.0,
2020-12-15,41.46,42.5,40.26,41.95,BLFS,0.0,
2020-12-16,42.0,43.04,40.76,41.86,BLFS,0.0,
2020-12-17,42.23,44.21,41.75,43.14,BLFS,0.0,
2020-12-18,44.04,45.53,43.33,43.46,BLFS,0.0,
2020-12-21,42.6,45.31,41.76,44.98,BLFS,0.0,
2020-12-22,45.11,47.03,45.11,45.75,BLFS,0.0,
2020-12-23,46.09,47.22,44.52,44.65,BLFS,0.0,
2020-12-07,54.86,216.41,54.65,193.87,APPN,0.7609276837158205,
2020-12-08,159.3,165.12,152.12,154.04,APPN,0.7609276837158205,
2020-12-09,155.08,157.7,143.08,144.58,APPN,0.7609276837158205,
2020-12-10,139.68,156.43,139.2,152.09,APPN,0.7609276837158205,
2020-12-11,151.08,153.93,146.13,152.87,APPN,0.7609276837158205,
2020-12-14,153.87,154.16,138.37,144.18,APPN,0.7609276837158205,
2020-12-15,144.6,145.5,139.41,143.81,APPN,0.7609276837158205,
2020-12-16,143.61,148.25,138.01,147.33,APPN,0.7609276837158205,
2020-12-17,149.98,154.1,146.93,153.48,APPN,0.7609276837158205,
2020-12-18,152.77,158.97,151.04,155.9,APPN,0.7609276837158205,
2020-12-21,154.56,159.1,150.28,158.29,APPN,0.7609276837158205,
2020-12-22,159.68,172.46,157.95,159.38,APPN,0.7609276837158205,
2020-12-23,160.54,161.16,153.27,157.31,APPN,0.7609276837158205,
2020-12-07,28.0,51.1,27.15,48.55,FUTU,0.8349625878906248,
2020-12-08,45.9,46.97,43.41,43.62,FUTU,0.8349625878906248,
2020-12-09,44.95,45.11,42.11,43.34,FUTU,0.8349625878906248,
2020-12-10,42.99,46.45,42.9,45.0,FUTU,0.8349625878906248,
2020-12-11,45.17,45.22,42.51,42.6,FUTU,0.8349625878906248,
2020-12-14,43.13,44.1,40.94,41.0,FUTU,0.8349625878906248,
2020-12-15,41.65,42.5,40.62,41.58,FUTU,0.8349625878906248,
2020-12-16,41.7,42.16,40.42,41.55,FUTU,0.8349625878906248,
2020-12-17,42.01,43.6,41.8,42.3,FUTU,0.8349625878906248,
2020-12-18,42.68,45.15,42.68,43.32,FUTU,0.8349625878906248,
2020-12-21,42.25,44.35,42.05,42.47,FUTU,0.8349625878906248,
2020-12-22,43.01,43.22,40.22,40.51,FUTU,0.8349625878906248,
2020-12-23,40.99,41.68,39.36,39.52,FUTU,0.8349625878906248,
2020-12-07,34.65,64.22,33.51,57.16,GDRX,0.7780783911132813,
2020-12-08,38.02,38.4,37.28,37.79,GDRX,0.7780783911132813,
2020-12-09,38.64,39.65,37.56,37.89,GDRX,0.7780783911132813,
2020-12-10,37.94,39.49,37.54,38.92,GDRX,0.7780783911132813,
2020-12-11,38.95,43.27,38.45,42.65,GDRX,0.7780783911132813,
2020-12-14,42.71,45.49,42.6,45.01,GDRX,0.7780783911132813,
2020-12-15,44.11,44.5,42.21,43.03,GDRX,0.7780783911132813,
2020-12-16,43.57,43.86,40.33,42.45,GDRX,0.7780783911132813,
2020-12-17,43.13,45.9,42.59,45.63,GDRX,0.7780783911132813,
2020-12-18,45.58,46.55,44.38,44.61,GDRX,0.7780783911132813,
2020-12-21,44.37,47.32,43.73,46.69,GDRX,0.7780783911132813,
2020-12-22,47.04,49.49,47.04,48.32,GDRX,0.7780783911132813,
2020-12-23,49.0,49.09,47.05,47.59,GDRX,0.7780783911132813,
2020-12-07,1600.0,2138.97,1589.0,2128.78,BKNG,0.3435353122711181,
2020-12-08,2093.06,2128.21,2082.45,2086.65,BKNG,0.3435353122711181,
2020-12-09,2100.47,2170.03,2076.81,2107.11,BKNG,0.3435353122711181,
2020-12-10,2094.99,2151.58,2079.19,2104.87,BKNG,0.3435353122711181,
2020-12-11,2090.22,2104.02,2050.13,2089.21,BKNG,0.3435353122711181,
2020-12-14,2120.09,2143.06,2065.08,2066.01,BKNG,0.3435353122711181,
2020-12-15,2078.22,2105.82,2055.01,2098.05,BKNG,0.3435353122711181,
2020-12-16,2118.2,2118.2,2077.4,2098.71,BKNG,0.3435353122711181,
2020-12-17,2117.95,2126.95,2070.52,2113.43,BKNG,0.3435353122711181,
2020-12-18,2118.75,2118.75,2087.93,2099.65,BKNG,0.3435353122711181,
2020-12-21,2050.0,2071.82,2024.02,2068.2,BKNG,0.3435353122711181,
2020-12-22,2068.35,2069.36,2031.39,2052.82,BKNG,0.3435353122711181,
2020-12-23,2055.39,2114.0,2050.43,2100.85,BKNG,0.3435353122711181,
2020-12-07,89.22,130.57,87.9,128.64,EXPE,0.44605046142578125,
2020-12-08,125.82,127.4,124.05,126.28,EXPE,0.44605046142578125,
2020-12-09,128.24,132.92,125.75,128.84,EXPE,0.44605046142578125,
2020-12-10,125.69,134.09,125.69,130.47,EXPE,0.44605046142578125,
2020-12-11,129.53,129.66,122.74,123.02,EXPE,0.44605046142578125,
2020-12-14,124.45,125.0,122.2,123.33,EXPE,0.44605046142578125,
2020-12-15,124.5,126.66,123.36,126.0,EXPE,0.44605046142578125,
2020-12-16,126.49,126.49,122.82,124.98,EXPE,0.44605046142578125,
2020-12-17,125.66,125.66,122.34,124.48,EXPE,0.44605046142578125,
2020-12-18,125.2,127.46,122.4,125.54,EXPE,0.44605046142578125,
2020-12-21,121.78,124.69,120.15,123.36,EXPE,0.44605046142578125,
2020-12-22,124.08,126.11,122.5,123.15,EXPE,0.44605046142578125,
2020-12-23,123.99,128.15,123.17,126.49,EXPE,0.44605046142578125,
2020-12-07,289.85,357.0,281.2,352.39,MA,0.34204759521484374,
2020-12-08,338.28,342.83,336.7,340.79,MA,0.34204759521484374,
2020-12-09,340.41,341.71,334.69,336.85,MA,0.34204759521484374,
2020-12-10,334.65,335.54,331.19,331.52,MA,0.34204759521484374,
2020-12-11,327.09,331.57,325.53,327.42,MA,0.34204759521484374,
2020-12-14,329.0,338.75,327.59,331.15,MA,0.34204759521484374,
2020-12-15,333.16,335.22,327.62,333.65,MA,0.34204759521484374,
2020-12-16,333.96,334.0,329.25,332.1,MA,0.34204759521484374,
2020-12-17,334.54,338.33,333.4,336.9,MA,0.34204759521484374,
2020-12-18,336.51,341.6,334.35,340.33,MA,0.34204759521484374,
2020-12-21,333.21,336.15,327.24,334.37,MA,0.34204759521484374,
2020-12-22,334.16,335.22,331.6,332.24,MA,0.34204759521484374,
2020-12-23,334.13,335.21,329.03,329.23,MA,0.34204759521484374,
2020-12-07,448.99,519.6,438.94,514.31,ADBE,0.29917082672119133,
2020-12-08,492.29,496.04,486.2,495.28,ADBE,0.29917082672119133,
2020-12-09,496.03,497.0,479.26,483.74,ADBE,0.29917082672119133,
2020-12-10,483.74,488.29,470.95,476.87,ADBE,0.29917082672119133,
2020-12-11,475.98,478.89,468.82,475.91,ADBE,0.29917082672119133,
2020-12-14,475.61,488.41,475.5,486.42,ADBE,0.29917082672119133,
2020-12-15,489.05,489.5,480.53,482.64,ADBE,0.29917082672119133,
2020-12-16,485.0,491.5,484.11,489.9,ADBE,0.29917082672119133,
2020-12-17,493.0,496.99,490.63,495.36,ADBE,0.29917082672119133,
2020-12-18,497.61,504.07,493.57,502.95,ADBE,0.29917082672119133,
2020-12-21,498.05,502.0,491.5,498.39,ADBE,0.29917082672119133,
2020-12-22,498.36,506.92,495.83,504.17,ADBE,0.29917082672119133,
2020-12-23,505.13,505.43,496.6,496.91,ADBE,0.29917082672119133,
2020-12-07,363.8,648.79,351.3,641.76,TSLA,0.6482884292602539,
2020-12-08,625.51,651.28,618.5,649.88,TSLA,0.6482884292602539,
2020-12-09,653.69,654.32,588.0,604.48,TSLA,0.6482884292602539,
2020-12-10,574.37,627.75,566.34,627.07,TSLA,0.6482884292602539,
2020-12-11,615.01,624.0,596.8,609.99,TSLA,0.6482884292602539,
2020-12-14,619.0,642.75,610.2,639.83,TSLA,0.6482884292602539,
2020-12-15,643.28,646.9,623.8,633.25,TSLA,0.6482884292602539,
2020-12-16,628.23,632.5,605.0,622.77,TSLA,0.6482884292602539,
2020-12-17,628.19,658.82,619.5,655.9,TSLA,0.6482884292602539,
2020-12-18,668.9,695.0,628.54,695.0,TSLA,0.6482884292602539,
2020-12-21,666.24,668.5,646.07,649.86,TSLA,0.6482884292602539,
2020-12-22,648.0,649.88,614.23,640.34,TSLA,0.6482884292602539,
2020-12-23,632.2,651.49,622.57,645.98,TSLA,0.6482884292602539,
2020-12-07,22.23,47.75,21.34,46.56,LYFT,0.5300339965820313,
2020-12-08,46.04,47.9,46.04,46.52,LYFT,0.5300339965820313,
2020-12-09,47.23,48.75,46.23,47.53,LYFT,0.5300339965820313,
2020-12-10,46.65,48.65,45.81,48.11,LYFT,0.5300339965820313,
2020-12-11,48.03,49.17,46.43,46.87,LYFT,0.5300339965820313,
2020-12-14,47.62,48.4,46.63,46.77,LYFT,0.5300339965820313,
2020-12-15,46.99,49.33,46.97,49.3,LYFT,0.5300339965820313,
2020-12-16,49.3,50.37,49.3,49.91,LYFT,0.5300339965820313,
2020-12-17,49.85,50.55,49.1,49.47,LYFT,0.5300339965820313,
2020-12-18,49.43,50.15,48.55,49.98,LYFT,0.5300339965820313,
2020-12-21,48.01,50.36,47.65,49.91,LYFT,0.5300339965820313,
2020-12-22,50.11,50.18,48.93,49.51,LYFT,0.5300339965820313,
2020-12-23,49.75,50.55,49.52,50.07,LYFT,0.5300339965820313,
2020-12-07,158.55,222.19,152.52,219.46,SPLK,0.44836977416992185,
2020-12-08,155.93,161.25,154.29,160.97,SPLK,0.44836977416992185,
2020-12-09,162.8,163.0,153.3,155.59,SPLK,0.44836977416992185,
2020-12-10,154.97,155.74,152.4,153.49,SPLK,0.44836977416992185,
2020-12-11,153.85,156.45,151.91,155.25,SPLK,0.44836977416992185,
2020-12-14,155.3,159.76,155.3,159.38,SPLK,0.44836977416992185,
2020-12-15,160.0,161.81,158.35,161.8,SPLK,0.44836977416992185,
2020-12-16,161.8,163.3,159.54,162.34,SPLK,0.44836977416992185,
2020-12-17,163.66,166.46,162.76,166.26,SPLK,0.44836977416992185,
2020-12-18,167.6,168.18,164.16,165.89,SPLK,0.44836977416992185,
2020-12-21,164.97,174.93,164.53,174.37,SPLK,0.44836977416992185,
2020-12-22,174.75,177.86,172.48,177.0,SPLK,0.44836977416992185,
2020-12-23,177.56,185.68,177.5,182.55,SPLK,0.44836977416992185,
2020-12-07,222.79,306.0,219.34,304.29,PANW,0.34632001342773433,
2020-12-08,303.45,315.11,303.01,310.22,PANW,0.34632001342773433,
2020-12-09,306.59,308.68,298.53,302.15,PANW,0.34632001342773433,
2020-12-10,301.4,307.98,300.0,307.87,PANW,0.34632001342773433,
2020-12-11,308.0,311.47,306.05,309.93,PANW,0.34632001342773433,
2020-12-14,310.7,315.4,310.7,314.28,PANW,0.34632001342773433,
2020-12-15,316.8,318.7,315.05,317.45,PANW,0.34632001342773433,
2020-12-16,322.97,327.81,321.12,323.33,PANW,0.34632001342773433,
2020-12-17,324.51,332.77,324.51,331.4,PANW,0.34632001342773433,
2020-12-18,341.48,357.49,338.0,355.53,PANW,0.34632001342773433,
2020-12-21,351.5,356.9,347.29,356.02,PANW,0.34632001342773433,
2020-12-22,358.09,372.5,356.94,372.06,PANW,0.34632001342773433,
2020-12-23,374.99,375.0,364.21,364.82,PANW,0.34632001342773433,
2020-12-07,100.0,144.08,97.48,143.28,ESTC,0.5200853656005859,
2020-12-08,141.91,146.41,141.67,145.83,ESTC,0.5200853656005859,
2020-12-09,146.95,147.0,136.43,138.29,ESTC,0.5200853656005859,
2020-12-10,136.0,142.38,135.72,142.07,ESTC,0.5200853656005859,
2020-12-11,143.21,143.21,139.33,141.48,ESTC,0.5200853656005859,
2020-12-14,142.07,143.23,139.18,139.5,ESTC,0.5200853656005859,
2020-12-15,140.0,141.06,136.53,137.68,ESTC,0.5200853656005859,
2020-12-16,138.95,143.83,137.31,143.49,ESTC,0.5200853656005859,
2020-12-17,144.94,149.16,144.04,147.53,ESTC,0.5200853656005859,
2020-12-18,148.0,153.88,147.82,153.55,ESTC,0.5200853656005859,
2020-12-21,151.81,157.12,150.2,156.21,ESTC,0.5200853656005859,
2020-12-22,155.8,159.46,154.81,159.08,ESTC,0.5200853656005859,
2020-12-23,159.0,159.95,154.03,157.03,ESTC,0.5200853656005859,
2020-12-08,60.27,94.36,59.35,93.91,SPG,0.4978077563476563,
2020-12-09,90.62,92.16,89.19,90.84,SPG,0.4978077563476563,
2020-12-10,89.12,90.96,89.08,90.44,SPG,0.4978077563476563,
2020-12-11,89.21,89.93,86.29,87.9,SPG,0.4978077563476563,
2020-12-14,90.0,90.18,86.76,87.32,SPG,0.4978077563476563,
2020-12-15,88.44,89.76,87.22,89.74,SPG,0.4978077563476563,
2020-12-16,88.34,90.3,88.13,88.28,SPG,0.4978077563476563,
2020-12-17,89.19,89.23,87.49,89.03,SPG,0.4978077563476563,
2020-12-18,88.74,89.07,84.92,85.43,SPG,0.4978077563476563,
2020-12-21,83.95,84.5,82.25,83.65,SPG,0.4978077563476563,
2020-12-22,85.5,85.56,82.02,83.72,SPG,0.4978077563476563,
2020-12-23,83.34,85.25,83.21,83.65,SPG,0.4978077563476563,
2020-12-07,246.5,297.38,245.62,294.68,FB,0.4356135540771484,
2020-12-08,286.01,286.43,281.55,283.4,FB,0.4356135540771484,
2020-12-09,283.66,287.63,271.75,277.92,FB,0.4356135540771484,
2020-12-10,275.54,278.73,271.86,277.12,FB,0.4356135540771484,
2020-12-11,274.53,276.48,270.25,273.55,FB,0.4356135540771484,
2020-12-14,273.37,277.22,271.56,274.19,FB,0.4356135540771484,
2020-12-15,274.83,276.08,267.47,275.55,FB,0.4356135540771484,
2020-12-16,274.76,277.86,272.51,275.67,FB,0.4356135540771484,
2020-12-17,277.07,280.44,273.61,274.48,FB,0.4356135540771484,
2020-12-18,275.77,278.0,271.14,276.4,FB,0.4356135540771484,
2020-12-21,272.98,274.67,267.79,272.79,FB,0.4356135540771484,
2020-12-22,271.5,271.5,264.63,267.09,FB,0.4356135540771484,
2020-12-23,271.5,272.17,266.25,268.11,FB,0.4356135540771484,
2020-12-07,7.0,40.9,7.0,37.61,JMIA,1.201175869140625,
2020-12-08,34.09,36.47,32.56,35.5,JMIA,1.201175869140625,
2020-12-09,35.72,37.62,32.52,33.47,JMIA,1.201175869140625,
2020-12-10,32.19,38.22,31.91,37.81,JMIA,1.201175869140625,
2020-12-11,38.0,40.78,36.07,38.13,JMIA,1.201175869140625,
2020-12-14,39.26,39.8,36.42,37.03,JMIA,1.201175869140625,
2020-12-15,36.83,38.44,35.15,36.29,JMIA,1.201175869140625,
2020-12-16,36.2,41.0,36.02,39.29,JMIA,1.201175869140625,
2020-12-17,39.34,40.92,38.52,39.14,JMIA,1.201175869140625,
2020-12-18,39.36,43.71,37.7,42.51,JMIA,1.201175869140625,
2020-12-21,41.9,44.48,41.03,41.76,JMIA,1.201175869140625,
2020-12-22,42.62,48.16,42.25,47.67,JMIA,1.201175869140625,
2020-12-23,48.37,49.0,44.13,46.44,JMIA,1.201175869140625,
2020-12-07,229.99,341.7,227.71,337.88,TWLO,0.5103503555297851,
2020-12-08,311.0,326.24,308.59,320.8,TWLO,0.5103503555297851,
2020-12-09,319.23,321.95,305.61,312.54,TWLO,0.5103503555297851,
2020-12-10,310.26,338.61,307.93,334.51,TWLO,0.5103503555297851,
2020-12-11,333.15,346.0,330.25,342.41,TWLO,0.5103503555297851,
2020-12-14,344.6,358.18,344.1,350.09,TWLO,0.5103503555297851,
2020-12-15,349.75,356.87,342.13,345.1,TWLO,0.5103503555297851,
2020-12-16,346.2,352.75,340.72,350.88,TWLO,0.5103503555297851,
2020-12-17,356.5,365.0,353.21,361.07,TWLO,0.5103503555297851,
2020-12-18,369.32,369.39,359.44,365.03,TWLO,0.5103503555297851,
2020-12-21,361.21,369.37,357.45,364.82,TWLO,0.5103503555297851,
2020-12-22,369.46,374.49,360.89,370.75,TWLO,0.5103503555297851,
2020-12-23,371.0,373.5,358.09,363.28,TWLO,0.5103503555297851,
2020-12-07,312.89,383.54,303.21,377.52,LULU,0.38019418640136715,
2020-12-08,372.03,375.67,367.0,371.07,LULU,0.38019418640136715,
2020-12-09,374.51,378.5,361.84,363.56,LULU,0.38019418640136715,
2020-12-10,367.02,370.68,359.78,369.07,LULU,0.38019418640136715,
2020-12-11,366.33,366.57,343.28,344.32,LULU,0.38019418640136715,
2020-12-14,344.0,354.83,337.07,352.37,LULU,0.38019418640136715,
2020-12-15,355.94,360.81,353.62,356.07,LULU,0.38019418640136715,
2020-12-16,357.21,363.5,351.57,363.1,LULU,0.38019418640136715,
2020-12-17,367.0,387.37,363.99,386.07,LULU,0.38019418640136715,
2020-12-18,387.06,387.22,373.18,378.05,LULU,0.38019418640136715,
2020-12-21,373.36,377.77,369.46,373.4,LULU,0.38019418640136715,
2020-12-22,373.75,375.0,357.52,360.07,LULU,0.38019418640136715,
2020-12-23,363.0,363.99,354.98,355.13,LULU,0.38019418640136715,
2020-12-07,47.69,99.99,46.6,91.72,LMND,1.0360155621337894,
2020-12-08,97.31,97.65,89.35,90.6,LMND,1.0360155621337894,
2020-12-09,92.01,93.75,84.1,87.39,LMND,1.0360155621337894,
2020-12-10,85.23,111.68,85.01,99.7,LMND,1.0360155621337894,
2020-12-11,100.75,101.25,87.57,91.59,LMND,1.0360155621337894,
2020-12-14,97.42,98.09,90.1,92.0,LMND,1.0360155621337894,
2020-12-15,92.23,93.18,86.32,90.8,LMND,1.0360155621337894,
2020-12-16,91.88,96.39,89.64,96.36,LMND,1.0360155621337894,
2020-12-17,96.66,105.27,94.42,103.56,LMND,1.0360155621337894,
2020-12-18,107.15,108.98,99.76,106.51,LMND,1.0360155621337894,
2020-12-21,104.0,111.09,100.25,109.07,LMND,1.0360155621337894,
2020-12-22,115.0,119.5,110.74,119.08,LMND,1.0360155621337894,
2020-12-23,122.64,137.29,122.34,134.45,LMND,1.0360155621337894,
2020-12-07,58.25,86.74,57.71,82.7,SAGE,0.6875031250000001,
2020-12-08,71.53,72.4,69.85,70.85,SAGE,0.6875031250000001,
2020-12-09,71.48,71.85,68.34,69.19,SAGE,0.6875031250000001,
2020-12-10,69.0,71.25,69.0,69.67,SAGE,0.6875031250000001,
2020-12-11,69.49,70.99,68.01,69.04,SAGE,0.6875031250000001,
2020-12-14,69.88,73.32,69.64,70.68,SAGE,0.6875031250000001,
2020-12-15,71.12,72.0,69.69,71.87,SAGE,0.6875031250000001,
2020-12-16,73.45,75.68,72.82,74.52,SAGE,0.6875031250000001,
2020-12-17,75.59,76.78,74.09,76.63,SAGE,0.6875031250000001,
2020-12-18,76.97,81.93,76.91,81.79,SAGE,0.6875031250000001,
2020-12-21,80.65,84.81,80.25,84.0,SAGE,0.6875031250000001,
2020-12-22,84.0,88.0,83.79,87.81,SAGE,0.6875031250000001,
2020-12-23,87.8,89.15,85.81,88.68,SAGE,0.6875031250000001,
2020-12-07,112.55,164.64,109.52,160.7,ETSY,0.5437057348632813,
2020-12-08,158.85,167.92,156.8,163.97,ETSY,0.5437057348632813,
2020-12-09,165.94,167.52,157.64,159.23,ETSY,0.5437057348632813,
2020-12-10,157.3,167.62,157.0,165.3,ETSY,0.5437057348632813,
2020-12-11,166.08,171.66,165.72,170.02,ETSY,0.5437057348632813,
2020-12-14,172.25,176.48,169.66,169.97,ETSY,0.5437057348632813,
2020-12-15,172.0,179.93,170.51,177.8,ETSY,0.5437057348632813,
2020-12-16,173.69,182.78,171.34,182.34,ETSY,0.5437057348632813,
2020-12-17,184.32,192.09,183.33,188.1,ETSY,0.5437057348632813,
2020-12-18,190.59,191.73,184.69,190.76,ETSY,0.5437057348632813,
2020-12-21,189.16,193.0,184.55,189.2,ETSY,0.5437057348632813,
2020-12-22,191.11,198.5,190.44,197.38,ETSY,0.5437057348632813,
2020-12-23,196.9,197.16,190.03,190.17,ETSY,0.5437057348632813,
2020-12-07,314.02,509.45,314.02,508.68,LRCX,0.42731285583496104,
2020-12-08,505.62,516.65,505.35,511.66,LRCX,0.42731285583496104,
2020-12-09,509.04,514.68,489.72,493.83,LRCX,0.42731285583496104,
2020-12-10,489.95,496.2,484.8,490.15,LRCX,0.42731285583496104,
2020-12-11,488.47,494.28,483.73,491.7,LRCX,0.42731285583496104,
2020-12-14,495.69,500.98,490.18,491.87,LRCX,0.42731285583496104,
2020-12-15,500.0,503.25,492.67,495.33,LRCX,0.42731285583496104,
2020-12-16,496.01,496.48,489.28,493.31,LRCX,0.42731285583496104,
2020-12-17,489.64,491.88,482.86,486.24,LRCX,0.42731285583496104,
2020-12-18,484.24,485.71,477.7,480.97,LRCX,0.42731285583496104,
2020-12-21,469.12,484.71,468.74,483.23,LRCX,0.42731285583496104,
2020-12-22,479.43,481.74,473.4,476.95,LRCX,0.42731285583496104,
2020-12-23,479.62,480.79,470.91,471.13,LRCX,0.42731285583496104,
2020-12-07,38.86,82.52,38.11,81.96,NET,0.6237830590820312,
2020-12-08,82.16,84.36,80.9,83.55,NET,0.6237830590820312,
2020-12-09,82.01,82.36,75.73,77.31,NET,0.6237830590820312,
2020-12-10,77.0,86.21,76.37,84.05,NET,0.6237830590820312,
2020-12-11,83.42,83.42,78.81,82.41,NET,0.6237830590820312,
2020-12-14,83.26,84.2,80.97,81.43,NET,0.6237830590820312,
2020-12-15,81.89,83.37,80.42,81.46,NET,0.6237830590820312,
2020-12-16,82.0,82.0,79.68,81.81,NET,0.6237830590820312,
2020-12-17,82.15,82.49,79.61,81.82,NET,0.6237830590820312,
2020-12-18,82.0,84.2,81.05,83.81,NET,0.6237830590820312,
2020-12-21,85.33,87.2,82.96,86.21,NET,0.6237830590820312,
2020-12-22,87.0,88.77,84.44,86.56,NET,0.6237830590820312,
2020-12-23,86.55,86.55,81.25,81.9,NET,0.6237830590820312,
2020-12-07,24.6,44.15,24.09,43.84,WORK,0.5190477783203125,
2020-12-08,42.94,43.1,42.8,43.03,WORK,0.5190477783203125,
2020-12-09,43.05,43.11,42.05,42.09,WORK,0.5190477783203125,
2020-12-10,42.19,42.63,42.13,42.32,WORK,0.5190477783203125,
2020-12-11,42.35,42.41,42.1,42.24,WORK,0.5190477783203125,
2020-12-14,42.33,42.44,42.17,42.26,WORK,0.5190477783203125,
2020-12-15,42.3,42.31,41.96,42.08,WORK,0.5190477783203125,
2020-12-16,42.1,42.68,42.08,42.61,WORK,0.5190477783203125,
2020-12-17,42.65,42.91,42.43,42.54,WORK,0.5190477783203125,
2020-12-18,42.66,42.91,42.52,42.79,WORK,0.5190477783203125,
2020-12-21,42.52,42.8,42.44,42.57,WORK,0.5190477783203125,
2020-12-22,42.57,43.01,42.57,42.88,WORK,0.5190477783203125,
2020-12-23,42.95,43.04,42.55,42.56,WORK,0.5190477783203125,
2020-12-07,470.53,572.49,463.41,554.09,NFLX,0.465398412475586,
2020-12-08,517.9,521.49,505.55,512.66,NFLX,0.465398412475586,
2020-12-09,510.53,514.5,491.29,493.6,NFLX,0.465398412475586,
2020-12-10,494.56,503.77,492.91,501.09,NFLX,0.465398412475586,
2020-12-11,495.0,503.34,494.85,503.22,NFLX,0.465398412475586,
2020-12-14,505.44,524.16,501.18,522.42,NFLX,0.465398412475586,
2020-12-15,518.5,524.7,513.56,519.78,NFLX,0.465398412475586,
2020-12-16,520.11,527.38,517.69,524.83,NFLX,0.465398412475586,
2020-12-17,529.0,535.49,526.44,532.9,NFLX,0.465398412475586,
2020-12-18,533.2,536.37,526.02,534.45,NFLX,0.465398412475586,
2020-12-21,530.05,532.62,521.15,528.91,NFLX,0.465398412475586,
2020-12-22,527.69,530.4,520.5,527.33,NFLX,0.465398412475586,
2020-12-23,524.76,525.95,514.23,514.48,NFLX,0.465398412475586,
2020-12-07,89.17,128.12,88.48,128.02,MTB,0.0,
2020-12-08,125.44,128.29,124.52,126.15,MTB,0.0,
2020-12-09,127.69,129.97,126.61,128.14,MTB,0.0,
2020-12-10,126.4,128.9,126.02,127.98,MTB,0.0,
2020-12-11,125.78,127.21,124.44,125.84,MTB,0.0,
2020-12-14,128.42,128.49,123.83,124.76,MTB,0.0,
2020-12-15,126.41,127.16,124.14,126.66,MTB,0.0,
2020-12-16,126.81,127.25,124.49,126.99,MTB,0.0,
2020-12-17,126.62,127.5,124.59,125.83,MTB,0.0,
2020-12-18,125.93,126.45,122.59,123.73,MTB,0.0,
2020-12-21,123.22,124.33,119.89,124.04,MTB,0.0,
2020-12-22,124.22,124.8,121.06,121.14,MTB,0.0,
2020-12-23,122.14,125.89,122.14,125.61,MTB,0.0,
2020-12-07,35.57,64.19,34.9,63.78,DKNG,0.6584506811523438,
2020-12-08,47.49,50.9,45.71,50.85,DKNG,0.6584506811523438,
2020-12-09,50.1,53.44,48.33,48.94,DKNG,0.6584506811523438,
2020-12-10,48.33,50.17,47.78,50.11,DKNG,0.6584506811523438,
2020-12-11,49.97,51.3,48.94,50.09,DKNG,0.6584506811523438,
2020-12-14,50.98,51.54,49.77,50.58,DKNG,0.6584506811523438,
2020-12-15,51.15,51.18,49.81,50.5,DKNG,0.6584506811523438,
2020-12-16,50.82,54.34,50.13,53.8,DKNG,0.6584506811523438,
2020-12-17,53.97,55.47,52.8,55.2,DKNG,0.6584506811523438,
2020-12-18,55.17,55.98,52.13,53.9,DKNG,0.6584506811523438,
2020-12-21,51.95,54.24,51.8,53.34,DKNG,0.6584506811523438,
2020-12-22,53.85,54.4,50.88,52.4,DKNG,0.6584506811523438,
2020-12-23,52.58,54.73,51.41,53.89,DKNG,0.6584506811523438,
2020-12-07,692.9,839.77,686.77,835.0,EQIX,0.2954324607849121,
2020-12-08,705.0,706.41,692.13,695.28,EQIX,0.2954324607849121,
2020-12-09,702.91,703.89,675.84,678.4,EQIX,0.2954324607849121,
2020-12-10,676.03,689.25,676.03,686.99,EQIX,0.2954324607849121,
2020-12-11,685.46,689.7,671.9,688.86,EQIX,0.2954324607849121,
2020-12-14,688.98,699.75,687.0,690.03,EQIX,0.2954324607849121,
2020-12-15,696.52,698.29,687.45,695.64,EQIX,0.2954324607849121,
2020-12-16,699.49,702.52,686.93,690.19,EQIX,0.2954324607849121,
2020-12-17,696.37,717.73,695.82,712.74,EQIX,0.2954324607849121,
2020-12-18,713.8,713.8,704.13,709.73,EQIX,0.2954324607849121,
2020-12-21,701.33,706.39,697.08,704.4,EQIX,0.2954324607849121,
2020-12-22,700.0,714.09,698.08,713.44,EQIX,0.2954324607849121,
2020-12-23,714.92,719.24,703.08,703.08,EQIX,0.2954324607849121,
2020-12-07,9.08,18.5,9.01,18.43,EB,0.6450230810546875,
2020-12-08,18.43,18.99,18.4,18.65,EB,0.6450230810546875,
2020-12-09,18.6,18.9,17.52,18.08,EB,0.6450230810546875,
2020-12-10,17.84,18.32,17.68,18.27,EB,0.6450230810546875,
2020-12-11,17.93,17.93,17.32,17.61,EB,0.6450230810546875,
2020-12-14,18.02,18.36,17.86,18.14,EB,0.6450230810546875,
2020-12-15,18.49,19.0,18.16,18.71,EB,0.6450230810546875,
2020-12-16,18.91,19.03,18.52,18.65,EB,0.6450230810546875,
2020-12-17,18.72,18.87,18.52,18.54,EB,0.6450230810546875,
2020-12-18,18.67,18.67,18.12,18.32,EB,0.6450230810546875,
2020-12-21,17.76,17.94,17.02,17.55,EB,0.6450230810546875,
2020-12-22,17.83,18.4,17.58,18.32,EB,0.6450230810546875,
2020-12-23,18.32,18.93,18.24,18.78,EB,0.6450230810546875,
2020-12-07,22.07,27.4,21.74,26.01,PSTH,0.6640658593750002,
2020-12-08,25.5,25.76,24.91,25.62,PSTH,0.6640658593750002,
2020-12-09,25.89,26.15,25.3,25.91,PSTH,0.6640658593750002,
2020-12-10,25.72,25.8,25.34,25.45,PSTH,0.6640658593750002,
2020-12-11,26.09,26.14,25.62,25.66,PSTH,0.6640658593750002,
2020-12-14,26.1,26.11,25.66,25.79,PSTH,0.6640658593750002,
2020-12-15,25.86,25.98,25.37,25.4,PSTH,0.6640658593750002,
2020-12-16,25.63,25.63,24.9,25.02,PSTH,0.6640658593750002,
2020-12-17,25.0,25.44,24.93,25.2,PSTH,0.6640658593750002,
2020-12-18,25.2,25.34,25.0,25.04,PSTH,0.6640658593750002,
2020-12-21,25.0,25.25,24.91,25.05,PSTH,0.6640658593750002,
2020-12-22,25.45,25.69,25.18,25.3,PSTH,0.6640658593750002,
2020-12-23,25.3,26.48,25.15,26.03,PSTH,0.6640658593750002,
2020-12-07,86.21,122.02,85.27,120.68,ARKK,0.44171700866699215,
2020-12-08,121.27,122.91,120.15,122.17,ARKK,0.44171700866699215,
2020-12-09,123.88,125.53,118.76,119.98,ARKK,0.44171700866699215,
2020-12-10,117.75,125.32,117.72,125.2,ARKK,0.44171700866699215,
2020-12-11,124.94,125.84,121.68,123.87,ARKK,0.44171700866699215,
2020-12-14,126.09,127.65,124.2,124.25,ARKK,0.44171700866699215,
2020-12-15,126.45,126.45,123.24,124.3,ARKK,0.44171700866699215,
2020-12-16,124.7,125.13,122.52,123.95,ARKK,0.44171700866699215,
2020-12-17,125.34,126.54,124.79,126.07,ARKK,0.44171700866699215,
2020-12-18,127.57,128.2,125.94,127.3,ARKK,0.44171700866699215,
2020-12-21,126.97,133.01,126.25,131.34,ARKK,0.44171700866699215,
2020-12-22,134.4,135.73,132.67,135.05,ARKK,0.44171700866699215,
2020-12-23,137.02,137.08,132.81,134.96,ARKK,0.44171700866699215,
2020-12-02,14.96,27.0,14.01,26.48,IPOB,1.548342102050781,
2020-12-03,21.17,21.89,20.9,21.42,IPOB,1.548342102050781,
2020-12-04,21.8,21.9,21.11,21.67,IPOB,1.548342102050781,
2020-12-07,23.54,25.64,23.19,25.59,IPOB,1.548342102050781,
2020-12-08,26.22,26.5,23.9,25.15,IPOB,1.548342102050781,
2020-12-09,25.75,27.68,24.1,26.82,IPOB,1.548342102050781,
2020-12-10,25.54,26.86,25.35,26.22,IPOB,1.548342102050781,
2020-12-11,25.78,26.79,24.26,25.43,IPOB,1.548342102050781,
2020-12-14,26.45,29.48,25.7,29.48,IPOB,1.548342102050781,
2020-12-15,28.52,29.45,27.61,27.88,IPOB,1.548342102050781,
2020-12-16,28.08,28.11,24.66,25.67,IPOB,1.548342102050781,
2020-12-17,26.69,29.44,26.05,29.44,IPOB,1.548342102050781,
2020-12-18,29.0,30.6,28.13,29.5,IPOB,1.548342102050781,
2020-12-07,51.31,66.76,50.06,66.63,TJX,0.30274134765625,
2020-12-08,65.18,65.78,65.0,65.42,TJX,0.30274134765625,
2020-12-09,66.13,66.89,65.67,66.72,TJX,0.30274134765625,
2020-12-10,65.96,66.9,65.57,66.52,TJX,0.30274134765625,
2020-12-11,66.05,66.33,65.49,66.06,TJX,0.30274134765625,
2020-12-14,66.92,66.95,65.31,65.34,TJX,0.30274134765625,
2020-12-15,66.42,66.76,65.61,66.74,TJX,0.30274134765625,
2020-12-16,67.13,67.19,66.33,66.62,TJX,0.30274134765625,
2020-12-17,67.13,67.68,66.8,67.51,TJX,0.30274134765625,
2020-12-18,67.65,68.1,66.78,67.7,TJX,0.30274134765625,
2020-12-21,66.42,67.56,66.14,67.24,TJX,0.30274134765625,
2020-12-22,67.13,67.73,66.67,66.97,TJX,0.30274134765625,
2020-12-23,67.42,68.08,67.31,67.34,TJX,0.30274134765625,
2020-12-07,175.0,288.7,166.48,283.45,QDEL,0.7549462982177735,
2020-12-08,194.85,196.58,189.71,195.37,QDEL,0.7549462982177735,
2020-12-09,193.91,197.92,189.17,189.97,QDEL,0.7549462982177735,
2020-12-10,189.0,199.25,187.01,197.09,QDEL,0.7549462982177735,
2020-12-11,197.15,203.99,195.18,202.56,QDEL,0.7549462982177735,
2020-12-14,204.0,212.79,204.0,206.93,QDEL,0.7549462982177735,
2020-12-15,207.48,208.0,196.04,200.86,QDEL,0.7549462982177735,
2020-12-16,201.82,203.58,190.6,193.14,QDEL,0.7549462982177735,
2020-12-17,194.59,197.35,191.0,196.43,QDEL,0.7549462982177735,
2020-12-18,197.44,198.51,186.07,189.5,QDEL,0.7549462982177735,
2020-12-21,195.5,207.99,194.01,205.45,QDEL,0.7549462982177735,
2020-12-22,207.05,210.54,199.15,203.6,QDEL,0.7549462982177735,
2020-12-23,201.74,202.59,195.43,200.01,QDEL,0.7549462982177735,
2020-12-07,44.63,58.18,44.33,57.73,DOW,0.3803772900390625,
2020-12-08,52.9,54.67,52.8,54.55,DOW,0.3803772900390625,
2020-12-09,54.94,55.75,54.35,54.66,DOW,0.3803772900390625,
2020-12-10,54.66,55.11,54.04,54.43,DOW,0.3803772900390625,
2020-12-11,54.29,54.45,53.57,54.0,DOW,0.3803772900390625,
2020-12-14,54.6,54.76,53.03,53.06,DOW,0.3803772900390625,
2020-12-15,53.85,54.15,53.15,54.13,DOW,0.3803772900390625,
2020-12-16,54.03,54.11,53.24,53.83,DOW,0.3803772900390625,
2020-12-17,54.2,54.33,53.58,53.83,DOW,0.3803772900390625,
2020-12-18,55.11,55.75,54.24,55.66,DOW,0.3803772900390625,
2020-12-21,54.05,55.2,53.73,55.08,DOW,0.3803772900390625,
2020-12-22,55.01,55.27,54.44,54.67,DOW,0.3803772900390625,
2020-12-23,55.02,55.77,54.73,54.75,DOW,0.3803772900390625,
2020-12-07,200.68,256.0,185.36,243.22,DOCU,0.5231981274414061,
2020-12-08,235.22,237.5,228.66,234.82,DOCU,0.5231981274414061,
2020-12-09,232.1,234.0,219.71,220.97,DOCU,0.5231981274414061,
2020-12-10,217.33,227.5,216.0,222.59,DOCU,0.5231981274414061,
2020-12-11,223.0,228.21,220.93,225.49,DOCU,0.5231981274414061,
2020-12-14,224.85,228.79,222.7,228.33,DOCU,0.5231981274414061,
2020-12-15,229.54,237.74,228.2,233.7,DOCU,0.5231981274414061,
2020-12-16,234.29,239.7,233.26,237.08,DOCU,0.5231981274414061,
2020-12-17,238.95,247.74,238.07,247.0,DOCU,0.5231981274414061,
2020-12-18,248.43,249.25,238.51,241.0,DOCU,0.5231981274414061,
2020-12-21,242.89,249.9,239.41,248.0,DOCU,0.5231981274414061,
2020-12-22,250.0,252.79,243.8,251.6,DOCU,0.5231981274414061,
2020-12-23,252.0,252.33,242.61,244.05,DOCU,0.5231981274414061,
2020-12-07,55.93,74.64,55.36,74.5,CVS,0.31836619140624994,
2020-12-08,72.73,73.94,72.62,73.86,CVS,0.31836619140624994,
2020-12-09,74.38,74.44,72.86,73.53,CVS,0.31836619140624994,
2020-12-10,72.77,73.16,72.08,72.21,CVS,0.31836619140624994,
2020-12-11,72.0,72.11,70.65,71.58,CVS,0.31836619140624994,
2020-12-14,72.31,72.33,69.68,69.72,CVS,0.31836619140624994,
2020-12-15,70.08,70.19,68.8,69.89,CVS,0.31836619140624994,
2020-12-16,69.15,69.63,68.35,69.32,CVS,0.31836619140624994,
2020-12-17,69.45,69.89,68.69,69.59,CVS,0.31836619140624994,
2020-12-18,69.74,69.79,68.82,69.55,CVS,0.31836619140624994,
2020-12-21,68.7,68.96,67.96,68.71,CVS,0.31836619140624994,
2020-12-22,68.43,68.55,67.06,67.22,CVS,0.31836619140624994,
2020-12-23,67.53,68.48,67.49,68.01,CVS,0.31836619140624994,
2020-12-07,53.71,76.59,52.09,74.07,PENN,0.6892120922851563,
2020-12-08,72.0,79.74,71.4,78.77,PENN,0.6892120922851563,
2020-12-09,78.28,80.87,74.11,74.67,PENN,0.6892120922851563,
2020-12-10,73.4,76.65,72.09,75.54,PENN,0.6892120922851563,
2020-12-11,75.37,78.34,72.98,74.42,PENN,0.6892120922851563,
2020-12-14,76.0,84.49,75.54,79.01,PENN,0.6892120922851563,
2020-12-15,79.53,83.14,77.05,83.09,PENN,0.6892120922851563,
2020-12-16,82.71,89.1,81.65,88.73,PENN,0.6892120922851563,
2020-12-17,88.8,91.85,86.94,91.54,PENN,0.6892120922851563,
2020-12-18,92.38,95.58,90.03,91.94,PENN,0.6892120922851563,
2020-12-21,89.31,93.72,88.59,92.72,PENN,0.6892120922851563,
2020-12-22,92.93,96.59,90.01,95.72,PENN,0.6892120922851563,
2020-12-23,97.32,99.24,95.59,96.09,PENN,0.6892120922851563,
2020-12-07,20.07,30.79,19.55,30.72,MGM,0.4985401708984375,
2020-12-08,29.5,30.35,29.5,29.89,MGM,0.4985401708984375,
2020-12-09,30.15,30.49,29.69,29.94,MGM,0.4985401708984375,
2020-12-10,29.64,31.05,29.58,30.93,MGM,0.4985401708984375,
2020-12-11,30.79,31.08,29.75,30.18,MGM,0.4985401708984375,
2020-12-14,30.68,30.71,29.38,29.51,MGM,0.4985401708984375,
2020-12-15,30.01,30.85,29.53,30.76,MGM,0.4985401708984375,
2020-12-16,30.81,31.17,30.41,30.98,MGM,0.4985401708984375,
2020-12-17,31.16,31.19,30.66,31.12,MGM,0.4985401708984375,
2020-12-18,31.06,31.83,30.87,31.67,MGM,0.4985401708984375,
2020-12-21,30.35,31.0,29.95,30.49,MGM,0.4985401708984375,
2020-12-22,30.48,30.59,29.79,30.35,MGM,0.4985401708984375,
2020-12-23,30.5,31.39,30.46,30.98,MGM,0.4985401708984375,
2020-12-07,199.85,228.12,199.2,223.72,MSFT,0.32434757690429683,
2020-12-08,213.97,216.95,212.89,216.01,MSFT,0.32434757690429683,
2020-12-09,215.16,215.23,211.21,211.8,MSFT,0.32434757690429683,
2020-12-10,211.77,213.08,210.36,210.52,MSFT,0.32434757690429683,
2020-12-11,210.05,213.32,209.11,213.26,MSFT,0.32434757690429683,
2020-12-14,213.1,216.21,212.88,214.2,MSFT,0.32434757690429683,
2020-12-15,215.17,215.42,212.24,214.13,MSFT,0.32434757690429683,
2020-12-16,214.75,220.11,214.72,219.28,MSFT,0.32434757690429683,
2020-12-17,219.87,220.89,217.92,219.42,MSFT,0.32434757690429683,
2020-12-18,218.59,219.69,216.02,218.59,MSFT,0.32434757690429683,
2020-12-21,217.55,224.0,217.28,222.59,MSFT,0.32434757690429683,
2020-12-22,222.69,225.63,221.85,223.94,MSFT,0.32434757690429683,
2020-12-23,223.11,223.56,220.8,221.02,MSFT,0.32434757690429683,
2020-12-07,2977.79,3496.24,2950.12,3443.63,AMZN,0.35079460857391354,
2020-12-08,3158.9,3184.13,3120.02,3177.29,AMZN,0.35079460857391354,
2020-12-09,3167.89,3174.43,3088.0,3104.2,AMZN,0.35079460857391354,
2020-12-10,3088.99,3142.1,3076.0,3101.49,AMZN,0.35079460857391354,
2020-12-11,3096.66,3118.67,3072.82,3116.42,AMZN,0.35079460857391354,
2020-12-14,3143.0,3190.47,3126.0,3156.97,AMZN,0.35079460857391354,
2020-12-15,3181.01,3188.5,3130.49,3165.12,AMZN,0.35079460857391354,
2020-12-16,3176.01,3247.0,3163.68,3240.96,AMZN,0.35079460857391354,
2020-12-17,3250.0,3263.51,3221.0,3236.08,AMZN,0.35079460857391354,
2020-12-18,3243.99,3249.42,3171.6,3201.65,AMZN,0.35079460857391354,
2020-12-21,3200.01,3226.97,3166.0,3206.18,AMZN,0.35079460857391354,
2020-12-22,3202.84,3222.0,3180.08,3206.52,AMZN,0.35079460857391354,
2020-12-23,3205.0,3210.0,3184.17,3185.27,AMZN,0.35079460857391354,
2020-12-07,1402.68,1843.83,1402.15,1824.97,GOOGL,0.2931741825866699,
2020-12-08,1808.52,1815.97,1791.28,1811.33,GOOGL,0.2931741825866699,
2020-12-09,1810.36,1828.37,1762.0,1777.86,GOOGL,0.2931741825866699,
2020-12-10,1762.6,1774.99,1733.53,1767.65,GOOGL,0.2931741825866699,
2020-12-11,1760.0,1777.31,1752.74,1774.8,GOOGL,0.2931741825866699,
2020-12-14,1770.72,1789.8,1749.13,1752.26,GOOGL,0.2931741825866699,
2020-12-15,1759.86,1764.0,1741.67,1761.08,GOOGL,0.2931741825866699,
2020-12-16,1769.11,1769.11,1749.06,1757.19,GOOGL,0.2931741825866699,
2020-12-17,1763.93,1766.71,1731.15,1740.51,GOOGL,0.2931741825866699,
2020-12-18,1746.17,1748.36,1715.0,1726.22,GOOGL,0.2931741825866699,
2020-12-21,1709.13,1737.0,1694.0,1734.56,GOOGL,0.2931741825866699,
2020-12-22,1729.33,1732.61,1705.78,1720.22,GOOGL,0.2931741825866699,
2020-12-23,1723.93,1742.84,1721.5,1728.23,GOOGL,0.2931741825866699,
2020-12-07,33.37,44.87,33.36,44.1,WBA,0.39551385742187506,
2020-12-08,41.91,42.47,41.66,41.99,WBA,0.39551385742187506,
2020-12-09,42.53,42.62,41.46,41.77,WBA,0.39551385742187506,
2020-12-10,41.37,42.04,41.28,41.65,WBA,0.39551385742187506,
2020-12-11,41.6,41.67,40.85,41.53,WBA,0.39551385742187506,
2020-12-14,42.05,42.14,41.2,41.48,WBA,0.39551385742187506,
2020-12-15,41.6,42.01,41.19,41.33,WBA,0.39551385742187506,
2020-12-16,41.4,41.4,40.24,40.44,WBA,0.39551385742187506,
2020-12-17,40.83,40.96,40.35,40.88,WBA,0.39551385742187506,
2020-12-18,40.99,41.18,40.4,40.69,WBA,0.39551385742187506,
2020-12-21,40.55,41.02,40.16,40.67,WBA,0.39551385742187506,
2020-12-22,40.6,40.61,39.17,39.27,WBA,0.39551385742187506,
2020-12-23,39.47,40.24,39.44,39.87,WBA,0.39551385742187506,
2020-12-07,70.0,85.76,68.66,85.02,GDDY,0.4420221813964844,
2020-12-08,85.22,87.42,84.73,87.31,GDDY,0.4420221813964844,
2020-12-09,87.11,87.25,83.61,83.82,GDDY,0.4420221813964844,
2020-12-10,83.25,84.91,82.77,84.48,GDDY,0.4420221813964844,
2020-12-11,84.34,85.68,83.68,85.67,GDDY,0.4420221813964844,
2020-12-14,85.82,86.8,84.59,84.6,GDDY,0.4420221813964844,
2020-12-15,85.4,85.97,84.52,85.84,GDDY,0.4420221813964844,
2020-12-16,87.05,91.81,85.82,88.0,GDDY,0.4420221813964844,
2020-12-17,88.62,88.9,86.74,86.82,GDDY,0.4420221813964844,
2020-12-18,86.39,87.1,84.51,85.03,GDDY,0.4420221813964844,
2020-12-21,84.07,84.71,82.18,84.19,GDDY,0.4420221813964844,
2020-12-22,84.58,85.85,84.34,85.3,GDDY,0.4420221813964844,
2020-12-23,84.7,85.53,84.0,84.66,GDDY,0.4420221813964844,
2020-12-07,6.59,9.5,6.41,9.45,F,0.4023497265625,
2020-12-08,9.19,9.33,9.17,9.25,F,0.4023497265625,
2020-12-09,9.31,9.49,9.29,9.45,F,0.4023497265625,
2020-12-10,9.31,9.32,9.1,9.12,F,0.4023497265625,
2020-12-11,9.19,9.19,9.01,9.02,F,0.4023497265625,
2020-12-14,9.13,9.18,8.88,8.91,F,0.4023497265625,
2020-12-15,9.03,9.15,8.94,9.15,F,0.4023497265625,
2020-12-16,9.17,9.18,8.97,9.04,F,0.4023497265625,
2020-12-17,9.09,9.13,9.0,9.08,F,0.4023497265625,
2020-12-18,9.09,9.09,8.91,8.95,F,0.4023497265625,
2020-12-21,8.87,9.01,8.79,8.93,F,0.4023497265625,
2020-12-22,8.98,8.99,8.75,8.79,F,0.4023497265625,
2020-12-23,8.82,9.03,8.8,8.99,F,0.4023497265625,
2020-12-07,145.75,244.08,141.58,238.17,BA,0.5398605584716798,
2020-12-08,238.7,241.7,234.46,236.57,BA,0.5398605584716798,
2020-12-09,238.64,240.84,228.28,232.06,BA,0.5398605584716798,
2020-12-10,228.1,237.01,228.02,234.43,BA,0.5398605584716798,
2020-12-11,232.82,236.22,228.33,230.33,BA,0.5398605584716798,
2020-12-14,235.0,237.63,228.37,228.62,BA,0.5398605584716798,
2020-12-15,230.0,232.5,224.36,229.5,BA,0.5398605584716798,
2020-12-16,229.33,232.37,225.3,225.87,BA,0.5398605584716798,
2020-12-17,227.24,228.49,220.53,221.24,BA,0.5398605584716798,
2020-12-18,222.05,223.46,218.61,219.75,BA,0.5398605584716798,
2020-12-21,212.34,219.43,211.1,219.31,BA,0.5398605584716798,
2020-12-22,223.28,223.89,217.7,218.78,BA,0.5398605584716798,
2020-12-23,219.55,224.4,219.32,219.69,BA,0.5398605584716798,
2020-12-07,16.26,26.99,15.76,26.87,GPS,0.508793974609375,
2020-12-08,21.0,21.68,20.82,21.49,GPS,0.508793974609375,
2020-12-09,21.62,22.1,21.37,21.81,GPS,0.508793974609375,
2020-12-10,21.6,22.12,21.39,21.63,GPS,0.508793974609375,
2020-12-11,21.55,21.57,20.76,20.85,GPS,0.508793974609375,
2020-12-14,20.98,21.03,20.28,20.34,GPS,0.508793974609375,
2020-12-15,20.43,20.86,20.38,20.69,GPS,0.508793974609375,
2020-12-16,20.66,20.92,20.01,20.33,GPS,0.508793974609375,
2020-12-17,20.37,20.79,20.12,20.75,GPS,0.508793974609375,
2020-12-18,20.64,20.75,20.02,20.21,GPS,0.508793974609375,
2020-12-21,19.6,20.6,19.55,20.4,GPS,0.508793974609375,
2020-12-22,20.47,20.67,20.03,20.07,GPS,0.508793974609375,
2020-12-23,20.05,20.84,20.02,20.7,GPS,0.508793974609375,
2020-12-07,27.15,37.24,26.99,36.95,VIAC,0.7807639111328125,
2020-12-08,36.8,37.32,36.46,36.65,VIAC,0.7807639111328125,
2020-12-09,36.48,36.67,36.06,36.44,VIAC,0.7807639111328125,
2020-12-10,35.93,36.6,35.57,35.87,VIAC,0.7807639111328125,
2020-12-11,35.46,35.82,34.91,35.6,VIAC,0.7807639111328125,
2020-12-14,35.85,35.91,34.37,34.67,VIAC,0.7807639111328125,
2020-12-15,34.93,35.42,34.45,35.14,VIAC,0.7807639111328125,
2020-12-16,35.17,36.42,34.91,35.89,VIAC,0.7807639111328125,
2020-12-17,36.03,36.28,35.39,36.2,VIAC,0.7807639111328125,
2020-12-18,35.48,35.8,34.87,35.26,VIAC,0.7807639111328125,
2020-12-21,34.58,34.89,34.13,34.85,VIAC,0.7807639111328125,
2020-12-22,34.88,35.05,34.12,34.89,VIAC,0.7807639111328125,
2020-12-23,34.92,36.44,34.91,35.95,VIAC,0.7807639111328125,
2020-12-07,10.99,21.3,10.75,20.99,MDP,0.0,
2020-12-08,20.25,20.96,20.24,20.95,MDP,0.0,
2020-12-09,21.0,21.59,20.73,20.94,MDP,0.0,
2020-12-10,20.65,20.83,19.78,20.16,MDP,0.0,
2020-12-11,19.79,20.12,19.53,19.56,MDP,0.0,
2020-12-14,19.93,20.0,18.9,19.4,MDP,0.0,
2020-12-15,19.43,20.54,19.2,20.39,MDP,0.0,
2020-12-16,20.41,20.6,19.7,19.77,MDP,0.0,
2020-12-17,19.83,19.87,18.86,19.28,MDP,0.0,
2020-12-18,19.2,19.67,18.67,18.91,MDP,0.0,
2020-12-21,18.36,18.92,18.22,18.63,MDP,0.0,
2020-12-22,18.63,18.63,18.0,18.49,MDP,0.0,
2020-12-23,18.65,19.62,18.54,19.45,MDP,0.0,
2020-12-07,16.26,24.2,16.05,23.59,ICLN,0.5214891601562499,
2020-12-08,23.28,23.77,23.27,23.73,ICLN,0.5214891601562499,
2020-12-09,23.92,23.95,22.96,23.15,ICLN,0.5214891601562499,
2020-12-10,23.02,23.52,23.0,23.5,ICLN,0.5214891601562499,
2020-12-11,23.4,23.85,23.39,23.63,ICLN,0.5214891601562499,
2020-12-14,24.02,24.09,23.83,23.94,ICLN,0.5214891601562499,
2020-12-15,24.31,25.1,24.16,25.06,ICLN,0.5214891601562499,
2020-12-16,25.13,25.13,24.6,25.06,ICLN,0.5214891601562499,
2020-12-17,25.46,25.56,25.25,25.56,ICLN,0.5214891601562499,
2020-12-18,25.74,26.28,25.66,25.91,ICLN,0.5214891601562499,
2020-12-21,25.74,26.38,25.65,26.36,ICLN,0.5214891601562499,
2020-12-22,27.01,27.46,26.71,27.32,ICLN,0.5214891601562499,
2020-12-23,28.36,28.36,27.62,27.76,ICLN,0.5214891601562499,
2020-12-07,10.21,16.26,10.12,15.83,MJ,0.5283250292968751,
2020-12-08,15.36,15.7,15.27,15.66,MJ,0.5283250292968751,
2020-12-09,15.65,15.68,14.74,15.12,MJ,0.5283250292968751,
2020-12-10,14.91,15.3,14.86,15.29,MJ,0.5283250292968751,
2020-12-11,15.13,15.28,14.99,15.11,MJ,0.5283250292968751,
2020-12-14,15.17,15.37,14.77,14.79,MJ,0.5283250292968751,
2020-12-15,14.88,15.23,14.59,15.2,MJ,0.5283250292968751,
2020-12-16,15.6,15.65,15.18,15.44,MJ,0.5283250292968751,
2020-12-17,15.49,15.49,15.13,15.22,MJ,0.5283250292968751,
2020-12-18,15.23,15.36,15.05,15.19,MJ,0.5283250292968751,
2020-12-21,14.85,14.98,14.69,14.8,MJ,0.5283250292968751,
2020-12-22,14.85,15.02,14.7,14.89,MJ,0.5283250292968751,
2020-12-23,14.83,15.46,14.74,15.27,MJ,0.5283250292968751,
2020-12-07,90.76,139.75,88.0,136.43,PTON,0.6641268939208986,
2020-12-08,115.92,118.55,113.06,118.25,PTON,0.6641268939208986,
2020-12-09,117.65,120.31,110.11,110.79,PTON,0.6641268939208986,
2020-12-10,109.53,119.13,108.18,117.99,PTON,0.6641268939208986,
2020-12-11,117.99,119.44,114.59,117.1,PTON,0.6641268939208986,
2020-12-14,118.01,124.86,117.75,121.91,PTON,0.6641268939208986,
2020-12-15,122.02,127.81,119.78,127.78,PTON,0.6641268939208986,
2020-12-16,128.7,134.22,128.51,134.0,PTON,0.6641268939208986,
2020-12-17,133.97,137.67,133.43,136.8,PTON,0.6641268939208986,
2020-12-18,137.88,142.0,135.6,139.84,PTON,0.6641268939208986,
2020-12-21,141.79,144.88,137.77,144.39,PTON,0.6641268939208986,
2020-12-22,159.2,166.23,155.4,161.21,PTON,0.6641268939208986,
2020-12-23,160.6,163.58,154.26,162.76,PTON,0.6641268939208986,
2020-12-07,116.56,145.0,112.47,142.82,WING,0.485356708984375,
2020-12-08,123.42,125.65,120.95,125.49,WING,0.485356708984375,
2020-12-09,125.0,129.11,124.9,125.8,WING,0.485356708984375,
2020-12-10,125.28,130.07,123.57,129.92,WING,0.485356708984375,
2020-12-11,130.15,131.75,128.26,131.18,WING,0.485356708984375,
2020-12-14,131.68,134.85,130.87,133.74,WING,0.485356708984375,
2020-12-15,133.92,135.43,131.47,132.07,WING,0.485356708984375,
2020-12-16,132.36,138.11,132.22,137.11,WING,0.485356708984375,
2020-12-17,137.53,146.36,137.26,145.83,WING,0.485356708984375,
2020-12-18,146.75,148.71,144.0,144.3,WING,0.485356708984375,
2020-12-21,142.36,146.0,141.5,143.91,WING,0.485356708984375,
2020-12-22,143.82,145.59,142.56,145.07,WING,0.485356708984375,
2020-12-23,145.19,145.58,137.67,140.18,WING,0.485356708984375,
2020-12-07,48.0,74.94,46.28,74.79,OTRK,0.8262956823730467,
2020-12-08,52.42,57.0,52.25,56.88,OTRK,0.8262956823730467,
2020-12-09,58.8,62.34,57.67,59.19,OTRK,0.8262956823730467,
2020-12-10,58.57,59.23,56.05,58.85,OTRK,0.8262956823730467,
2020-12-11,58.53,63.2,58.38,58.52,OTRK,0.8262956823730467,
2020-12-14,59.0,59.7,55.25,56.47,OTRK,0.8262956823730467,
2020-12-15,56.0,61.42,55.82,60.75,OTRK,0.8262956823730467,
2020-12-16,61.93,62.37,59.33,61.05,OTRK,0.8262956823730467,
2020-12-17,61.77,68.39,61.64,66.5,OTRK,0.8262956823730467,
2020-12-18,67.47,69.1,64.75,68.37,OTRK,0.8262956823730467,
2020-12-21,68.27,72.24,66.63,71.68,OTRK,0.8262956823730467,
2020-12-22,72.11,78.27,72.05,78.09,OTRK,0.8262956823730467,
2020-12-23,78.66,78.77,73.13,73.81,OTRK,0.8262956823730467,
2020-12-07,64.25,136.5,62.2,128.83,FSLY,0.6795686340332032,
2020-12-08,86.24,100.8,86.09,97.98,FSLY,0.6795686340332032,
2020-12-09,96.49,97.63,89.35,91.13,FSLY,0.6795686340332032,
2020-12-10,90.0,99.09,89.56,96.85,FSLY,0.6795686340332032,
2020-12-11,96.0,101.09,95.22,95.69,FSLY,0.6795686340332032,
2020-12-14,97.26,98.96,93.91,94.25,FSLY,0.6795686340332032,
2020-12-15,95.06,95.18,90.88,93.9,FSLY,0.6795686340332032,
2020-12-16,94.03,97.48,93.74,95.15,FSLY,0.6795686340332032,
2020-12-17,96.5,102.89,94.91,100.78,FSLY,0.6795686340332032,
2020-12-18,102.32,105.62,98.59,101.78,FSLY,0.6795686340332032,
2020-12-21,99.0,104.81,98.8,101.21,FSLY,0.6795686340332032,
2020-12-22,102.18,107.93,101.97,104.77,FSLY,0.6795686340332032,
2020-12-23,105.1,105.3,100.39,100.62,FSLY,0.6795686340332032,
2020-12-07,1003.63,1589.11,986.83,1575.6,MELI,0.43628493408203123,
2020-12-08,1580.0,1628.91,1575.0,1615.88,MELI,0.43628493408203123,
2020-12-09,1619.88,1619.88,1517.09,1536.54,MELI,0.43628493408203123,
2020-12-10,1531.55,1598.0,1512.6,1589.52,MELI,0.43628493408203123,
2020-12-11,1597.0,1606.63,1572.03,1606.63,MELI,0.43628493408203123,
2020-12-14,1612.0,1640.0,1610.0,1618.06,MELI,0.43628493408203123,
2020-12-15,1634.11,1676.92,1634.11,1668.99,MELI,0.43628493408203123,
2020-12-16,1670.0,1675.23,1640.0,1669.54,MELI,0.43628493408203123,
2020-12-17,1671.77,1694.0,1661.47,1679.99,MELI,0.43628493408203123,
2020-12-18,1697.66,1727.97,1676.38,1723.68,MELI,0.43628493408203123,
2020-12-21,1707.65,1726.71,1665.3,1697.89,MELI,0.43628493408203123,
2020-12-22,1713.65,1735.75,1701.68,1732.39,MELI,0.43628493408203123,
2020-12-23,1729.26,1735.39,1667.29,1670.01,MELI,0.43628493408203123,
2020-12-07,144.94,203.42,142.41,198.78,SE,0.5198412274169921,
2020-12-08,199.0,207.51,197.6,205.87,SE,0.5198412274169921,
2020-12-09,208.55,212.33,200.4,202.68,SE,0.5198412274169921,
2020-12-10,194.92,201.7,194.04,198.95,SE,0.5198412274169921,
2020-12-11,194.3,195.9,190.25,193.38,SE,0.5198412274169921,
2020-12-14,195.0,195.68,189.06,190.26,SE,0.5198412274169921,
2020-12-15,191.5,191.75,186.0,188.09,SE,0.5198412274169921,
2020-12-16,189.67,196.44,188.38,192.99,SE,0.5198412274169921,
2020-12-17,195.46,198.45,194.03,198.05,SE,0.5198412274169921,
2020-12-18,198.96,200.85,196.6,200.35,SE,0.5198412274169921,
2020-12-21,197.0,201.5,192.85,196.9,SE,0.5198412274169921,
2020-12-22,198.5,202.41,196.51,200.65,SE,0.5198412274169921,
2020-12-23,199.74,200.34,194.36,195.07,SE,0.5198412274169921,
2020-12-07,24.0,69.18,22.5,61.3,NNOX,1.5827657580566403,
2020-12-08,50.12,52.5,48.0,49.72,NNOX,1.5827657580566403,
2020-12-09,47.67,49.2,43.76,44.5,NNOX,1.5827657580566403,
2020-12-10,42.0,49.48,41.5,48.8,NNOX,1.5827657580566403,
2020-12-11,46.86,50.35,46.12,46.26,NNOX,1.5827657580566403,
2020-12-14,46.67,48.51,44.03,44.63,NNOX,1.5827657580566403,
2020-12-15,45.12,45.56,42.1,42.1,NNOX,1.5827657580566403,
2020-12-16,43.19,44.99,41.79,44.01,NNOX,1.5827657580566403,
2020-12-17,45.97,53.83,44.5,53.47,NNOX,1.5827657580566403,
2020-12-18,50.86,53.4,48.7,49.63,NNOX,1.5827657580566403,
2020-12-21,47.84,50.58,47.5,50.31,NNOX,1.5827657580566403,
2020-12-22,51.94,57.26,51.5,56.66,NNOX,1.5827657580566403,
2020-12-23,55.46,56.5,52.27,53.99,NNOX,1.5827657580566403,
2020-12-07,21.31,30.27,20.57,29.7,ASAN,0.7729514892578125,
2020-12-08,29.7,29.95,27.72,29.02,ASAN,0.7729514892578125,
2020-12-09,29.2,30.15,27.2,28.34,ASAN,0.7729514892578125,
2020-12-10,31.45,32.51,28.95,29.1,ASAN,0.7729514892578125,
2020-12-11,28.0,28.78,27.32,28.4,ASAN,0.7729514892578125,
2020-12-14,28.75,28.85,27.4,28.1,ASAN,0.7729514892578125,
2020-12-15,28.0,28.88,27.65,28.67,ASAN,0.7729514892578125,
2020-12-16,28.78,29.22,28.03,29.12,ASAN,0.7729514892578125,
2020-12-17,28.94,30.77,28.94,30.27,ASAN,0.7729514892578125,
2020-12-18,30.73,31.0,29.94,30.34,ASAN,0.7729514892578125,
2020-12-21,30.0,31.37,29.94,31.12,ASAN,0.7729514892578125,
2020-12-22,31.28,31.38,29.9,30.36,ASAN,0.7729514892578125,
2020-12-23,30.5,30.73,29.76,30.01,ASAN,0.7729514892578125,
2020-12-07,347.26,422.84,344.42,420.89,AVGO,0.32227240234374993,
2020-12-08,419.28,426.7,418.16,423.41,AVGO,0.32227240234374993,
2020-12-09,419.47,426.1,413.67,416.22,AVGO,0.32227240234374993,
2020-12-10,411.44,415.25,408.01,410.04,AVGO,0.32227240234374993,
2020-12-11,404.0,407.0,398.28,405.82,AVGO,0.32227240234374993,
2020-12-14,406.53,414.3,406.0,411.8,AVGO,0.32227240234374993,
2020-12-15,415.28,419.39,412.99,418.06,AVGO,0.32227240234374993,
2020-12-16,418.0,427.15,416.96,424.9,AVGO,0.32227240234374993,
2020-12-17,426.5,430.01,424.55,426.1,AVGO,0.32227240234374993,
2020-12-18,424.8,435.65,422.0,434.56,AVGO,0.32227240234374993,
2020-12-21,428.15,432.0,423.7,428.88,AVGO,0.32227240234374993,
2020-12-22,428.88,433.55,428.0,433.1,AVGO,0.32227240234374993,
2020-12-23,435.0,436.0,425.08,425.46,AVGO,0.32227240234374993,
2020-12-07,109.39,158.97,109.24,158.02,QCOM,0.3885559191894531,
2020-12-08,157.46,159.29,155.87,158.8,QCOM,0.3885559191894531,
2020-12-09,158.6,161.07,155.55,156.02,QCOM,0.3885559191894531,
2020-12-10,154.42,157.85,152.73,155.75,QCOM,0.3885559191894531,
2020-12-11,149.24,150.27,141.89,144.28,QCOM,0.3885559191894531,
2020-12-14,144.9,147.75,143.33,146.29,QCOM,0.3885559191894531,
2020-12-15,149.37,149.92,147.1,148.36,QCOM,0.3885559191894531,
2020-12-16,149.14,150.44,146.71,149.74,QCOM,0.3885559191894531,
2020-12-17,150.87,151.23,148.38,149.53,QCOM,0.3885559191894531,
2020-12-18,150.79,150.79,146.12,147.42,QCOM,0.3885559191894531,
2020-12-21,145.01,147.36,144.41,146.8,QCOM,0.3885559191894531,
2020-12-22,146.61,147.03,144.72,146.34,QCOM,0.3885559191894531,
2020-12-23,147.63,151.53,146.87,146.96,QCOM,0.3885559191894531,
2020-12-07,21.05,29.97,20.76,29.55,WFC,0.41211525390625,
2020-12-08,29.03,29.3,28.4,28.94,WFC,0.41211525390625,
2020-12-09,29.24,29.24,28.61,29.05,WFC,0.41211525390625,
2020-12-10,28.72,29.56,28.54,29.49,WFC,0.41211525390625,
2020-12-11,29.02,29.39,28.67,29.08,WFC,0.41211525390625,
2020-12-14,29.54,29.78,28.51,28.64,WFC,0.41211525390625,
2020-12-15,29.13,29.77,28.9,29.73,WFC,0.41211525390625,
2020-12-16,29.64,29.91,29.48,29.65,WFC,0.41211525390625,
2020-12-17,29.8,29.9,29.44,29.47,WFC,0.41211525390625,
2020-12-18,29.47,29.62,28.8,29.01,WFC,0.41211525390625,
2020-12-21,29.57,29.89,28.84,29.55,WFC,0.41211525390625,
2020-12-22,29.65,29.72,28.95,28.96,WFC,0.41211525390625,
2020-12-23,29.28,30.49,29.27,30.35,WFC,0.41211525390625,
2020-12-07,652.14,792.54,647.54,780.34,ISRG,0.38423772506713866,
2020-12-08,762.86,767.58,755.0,765.35,ISRG,0.38423772506713866,
2020-12-09,767.61,767.61,750.1,753.51,ISRG,0.38423772506713866,
2020-12-10,755.6,766.8,748.08,758.07,ISRG,0.38423772506713866,
2020-12-11,754.15,761.9,745.88,760.0,ISRG,0.38423772506713866,
2020-12-14,764.0,780.63,762.05,764.79,ISRG,0.38423772506713866,
2020-12-15,757.01,771.56,755.0,768.49,ISRG,0.38423772506713866,
2020-12-16,765.75,769.96,762.06,766.06,ISRG,0.38423772506713866,
2020-12-17,771.38,781.25,767.25,779.78,ISRG,0.38423772506713866,
2020-12-18,786.79,790.8,775.04,789.09,ISRG,0.38423772506713866,
2020-12-21,778.01,789.98,768.18,789.27,ISRG,0.38423772506713866,
2020-12-22,790.11,816.84,788.27,815.25,ISRG,0.38423772506713866,
2020-12-23,817.01,826.81,808.57,809.65,ISRG,0.38423772506713866,
2020-12-07,375.0,435.58,369.22,433.78,DPZ,0.3270636141967773,
2020-12-08,386.08,389.21,383.82,386.69,DPZ,0.3270636141967773,
2020-12-09,387.33,390.0,384.11,384.97,DPZ,0.3270636141967773,
2020-12-10,382.87,386.69,379.42,386.05,DPZ,0.3270636141967773,
2020-12-11,386.92,387.12,381.97,383.37,DPZ,0.3270636141967773,
2020-12-14,382.0,387.58,381.51,383.23,DPZ,0.3270636141967773,
2020-12-15,384.51,389.05,383.28,384.68,DPZ,0.3270636141967773,
2020-12-16,386.4,387.76,381.7,382.52,DPZ,0.3270636141967773,
2020-12-17,385.72,395.69,384.47,395.16,DPZ,0.3270636141967773,
2020-12-18,396.99,398.11,392.5,396.71,DPZ,0.3270636141967773,
2020-12-21,392.68,398.47,389.4,397.18,DPZ,0.3270636141967773,
2020-12-22,396.37,398.72,392.71,398.72,DPZ,0.3270636141967773,
2020-12-23,398.0,404.57,396.18,403.75,DPZ,0.3270636141967773,
2020-12-07,75.05,86.37,73.12,85.77,PZZA,0.47046427978515626,
2020-12-08,81.58,85.69,81.02,85.45,PZZA,0.47046427978515626,
2020-12-09,85.4,87.39,83.8,84.35,PZZA,0.47046427978515626,
2020-12-10,84.51,85.44,83.3,84.23,PZZA,0.47046427978515626,
2020-12-11,83.74,85.61,83.17,84.83,PZZA,0.47046427978515626,
2020-12-14,84.71,85.95,84.43,85.64,PZZA,0.47046427978515626,
2020-12-15,86.62,87.57,85.68,87.34,PZZA,0.47046427978515626,
2020-12-16,87.45,89.71,87.13,87.32,PZZA,0.47046427978515626,
2020-12-17,87.49,89.52,86.37,89.45,PZZA,0.47046427978515626,
2020-12-18,89.71,91.18,89.02,90.47,PZZA,0.47046427978515626,
2020-12-21,89.25,89.93,86.21,87.15,PZZA,0.47046427978515626,
2020-12-22,87.63,88.47,85.12,86.55,PZZA,0.47046427978515626,
2020-12-23,86.4,87.44,85.93,87.26,PZZA,0.47046427978515626,
2020-12-07,182.67,302.62,176.63,299.98,ROKU,0.5560957476806643,
2020-12-08,299.98,307.63,297.25,306.13,ROKU,0.5560957476806643,
2020-12-09,315.11,328.74,303.16,306.23,ROKU,0.5560957476806643,
2020-12-10,301.0,322.09,300.07,321.99,ROKU,0.5560957476806643,
2020-12-11,321.0,331.87,316.9,330.87,ROKU,0.5560957476806643,
2020-12-14,333.0,336.17,319.37,324.32,ROKU,0.5560957476806643,
2020-12-15,325.41,331.1,319.01,320.14,ROKU,0.5560957476806643,
2020-12-16,321.2,327.96,320.27,325.82,ROKU,0.5560957476806643,
2020-12-17,346.65,352.12,326.5,329.48,ROKU,0.5560957476806643,
2020-12-18,331.98,343.6,329.48,340.71,ROKU,0.5560957476806643,
2020-12-21,344.0,358.79,341.54,354.0,ROKU,0.5560957476806643,
2020-12-22,356.33,361.68,344.48,354.71,ROKU,0.5560957476806643,
2020-12-23,355.0,361.04,344.21,360.56,ROKU,0.5560957476806643,
2020-12-07,67.22,93.2,66.46,92.97,COF,0.41528905029296875,
2020-12-08,91.4,93.22,91.36,92.64,COF,0.41528905029296875,
2020-12-09,92.93,95.36,92.76,94.92,COF,0.41528905029296875,
2020-12-10,93.33,95.29,92.1,94.67,COF,0.41528905029296875,
2020-12-11,92.87,93.34,91.07,92.17,COF,0.41528905029296875,
2020-12-14,93.46,93.95,90.26,90.42,COF,0.41528905029296875,
2020-12-15,91.66,92.69,89.72,92.68,COF,0.41528905029296875,
2020-12-16,93.21,94.03,91.72,93.59,COF,0.41528905029296875,
2020-12-17,93.87,94.32,93.05,94.08,COF,0.41528905029296875,
2020-12-18,93.96,93.96,91.05,91.57,COF,0.41528905029296875,
2020-12-21,93.6,96.62,92.21,95.29,COF,0.41528905029296875,
2020-12-22,95.44,96.14,94.97,94.99,COF,0.41528905029296875,
2020-12-23,95.98,97.83,95.75,96.82,COF,0.41528905029296875,
2020-12-07,177.55,236.8,168.5,231.8,TDOC,0.5028125891113282,
2020-12-08,199.79,200.49,194.58,198.26,TDOC,0.5028125891113282,
2020-12-09,199.5,199.5,188.81,192.28,TDOC,0.5028125891113282,
2020-12-10,192.17,199.19,191.45,199.01,TDOC,0.5028125891113282,
2020-12-11,198.93,201.45,195.59,199.58,TDOC,0.5028125891113282,
2020-12-14,197.51,202.35,194.34,194.63,TDOC,0.5028125891113282,
2020-12-15,196.09,198.19,193.47,196.11,TDOC,0.5028125891113282,
2020-12-16,188.25,190.33,181.15,187.07,TDOC,0.5028125891113282,
2020-12-17,190.0,196.89,189.7,196.81,TDOC,0.5028125891113282,
2020-12-18,197.14,198.55,191.6,196.34,TDOC,0.5028125891113282,
2020-12-21,199.0,205.19,193.92,199.75,TDOC,0.5028125891113282,
2020-12-22,201.99,208.5,201.46,206.04,TDOC,0.5028125891113282,
2020-12-23,206.55,212.92,203.3,209.42,TDOC,0.5028125891113282,
2020-12-07,17.29,39.92,17.11,39.33,CPRI,0.6242713354492189,
2020-12-08,38.61,39.82,38.56,38.71,CPRI,0.6242713354492189,
2020-12-09,38.79,39.62,38.43,39.03,CPRI,0.6242713354492189,
2020-12-10,39.02,39.97,38.1,39.66,CPRI,0.6242713354492189,
2020-12-11,39.78,39.78,37.95,38.14,CPRI,0.6242713354492189,
2020-12-14,38.91,39.85,38.06,38.4,CPRI,0.6242713354492189,
2020-12-15,38.83,40.42,38.43,40.35,CPRI,0.6242713354492189,
2020-12-16,40.32,41.09,39.59,40.21,CPRI,0.6242713354492189,
2020-12-17,41.0,42.88,40.55,42.75,CPRI,0.6242713354492189,
2020-12-18,42.54,42.91,41.5,41.83,CPRI,0.6242713354492189,
2020-12-21,40.12,42.4,40.06,41.88,CPRI,0.6242713354492189,
2020-12-22,42.0,42.52,41.21,42.39,CPRI,0.6242713354492189,
2020-12-23,42.3,43.05,41.86,42.63,CPRI,0.6242713354492189,
2020-12-07,14.34,37.31,14.25,35.59,GRWG,0.9233406103515626,
2020-12-08,32.51,34.25,30.32,34.17,GRWG,0.9233406103515626,
2020-12-09,32.25,33.25,30.85,31.39,GRWG,0.9233406103515626,
2020-12-10,30.5,33.33,30.25,33.2,GRWG,0.9233406103515626,
2020-12-11,32.65,34.49,32.28,32.74,GRWG,0.9233406103515626,
2020-12-14,33.57,34.0,32.7,32.79,GRWG,0.9233406103515626,
2020-12-15,33.0,35.73,32.3,34.7,GRWG,0.9233406103515626,
2020-12-16,35.25,38.91,34.72,38.71,GRWG,0.9233406103515626,
2020-12-17,38.92,39.0,36.18,37.51,GRWG,0.9233406103515626,
2020-12-18,37.4,39.84,36.85,38.65,GRWG,0.9233406103515626,
2020-12-21,38.26,41.57,38.0,40.67,GRWG,0.9233406103515626,
2020-12-22,41.4,42.39,40.08,42.15,GRWG,0.9233406103515626,
2020-12-23,42.65,43.14,41.06,41.23,GRWG,0.9233406103515626,
2020-12-07,115.0,194.9,102.69,179.2,GRVY,0.0,
2020-12-08,174.0,181.65,168.1,181.65,GRVY,0.0,
2020-12-09,184.78,184.88,170.01,171.8,GRVY,0.0,
2020-12-10,172.31,174.88,167.0,169.41,GRVY,0.0,
2020-12-11,170.55,178.84,168.7,178.56,GRVY,0.0,
2020-12-14,179.27,181.0,171.53,173.63,GRVY,0.0,
2020-12-15,176.03,183.4,175.5,179.48,GRVY,0.0,
2020-12-16,181.0,194.67,180.63,192.81,GRVY,0.0,
2020-12-17,195.0,199.44,191.13,194.39,GRVY,0.0,
2020-12-18,197.0,207.59,195.5,207.52,GRVY,0.0,
2020-12-21,211.33,220.48,208.0,218.97,GRVY,0.0,
2020-12-22,229.77,239.9,210.0,216.95,GRVY,0.0,
2020-12-23,225.0,225.0,200.01,210.49,GRVY,0.0,
2020-12-07,223.82,270.92,215.63,267.07,CRM,0.3390569024658203,
2020-12-08,228.65,229.5,225.66,227.86,CRM,0.3390569024658203,
2020-12-09,228.05,228.84,220.07,220.57,CRM,0.3390569024658203,
2020-12-10,220.57,224.31,220.16,222.92,CRM,0.3390569024658203,
2020-12-11,221.92,222.74,219.98,222.42,CRM,0.3390569024658203,
2020-12-14,223.09,223.47,220.45,221.27,CRM,0.3390569024658203,
2020-12-15,222.07,222.14,218.2,220.15,CRM,0.3390569024658203,
2020-12-16,221.48,224.0,220.25,223.62,CRM,0.3390569024658203,
2020-12-17,224.9,226.73,224.5,225.92,CRM,0.3390569024658203,
2020-12-18,227.02,227.82,224.4,227.43,CRM,0.3390569024658203,
2020-12-21,224.9,227.44,224.71,226.47,CRM,0.3390569024658203,
2020-12-22,227.0,231.87,226.6,231.17,CRM,0.3390569024658203,
2020-12-23,232.5,233.18,227.11,227.43,CRM,0.3390569024658203,
2020-12-07,166.68,183.53,166.03,183.19,GLD,0.1626060302734375,
2020-12-08,175.51,175.93,174.72,175.5,GLD,0.1626060302734375,
2020-12-09,173.92,174.04,171.24,172.5,GLD,0.1626060302734375,
2020-12-10,172.9,173.58,171.7,172.17,GLD,0.1626060302734375,
2020-12-11,172.25,173.32,172.11,172.49,GLD,0.1626060302734375,
2020-12-14,171.91,172.52,170.91,171.54,GLD,0.1626060302734375,
2020-12-15,173.43,173.98,173.06,173.94,GLD,0.1626060302734375,
2020-12-16,174.13,175.02,173.02,174.9,GLD,0.1626060302734375,
2020-12-17,177.15,177.87,176.58,176.74,GLD,0.1626060302734375,
2020-12-18,176.65,176.98,176.1,176.44,GLD,0.1626060302734375,
2020-12-21,176.29,176.94,175.76,175.88,GLD,0.1626060302734375,
2020-12-22,176.2,176.34,174.34,174.49,GLD,0.1626060302734375,
2020-12-23,175.1,176.21,175.06,175.65,GLD,0.1626060302734375,
2020-12-07,20.58,23.96,20.45,23.79,SLV,0.4155331884765625,
2020-12-08,22.92,23.12,22.73,22.82,SLV,0.4155331884765625,
2020-12-09,22.54,22.57,21.93,22.23,SLV,0.4155331884765625,
2020-12-10,22.38,22.58,22.19,22.32,SLV,0.4155331884765625,
2020-12-11,22.23,22.43,22.19,22.26,SLV,0.4155331884765625,
2020-12-14,22.35,22.53,22.12,22.16,SLV,0.4155331884765625,
2020-12-15,22.66,22.83,22.6,22.8,SLV,0.4155331884765625,
2020-12-16,23.22,23.65,22.96,23.62,SLV,0.4155331884765625,
2020-12-17,24.09,24.27,23.95,24.15,SLV,0.4155331884765625,
2020-12-18,24.02,24.13,23.87,23.96,SLV,0.4155331884765625,
2020-12-21,24.12,24.5,24.1,24.38,SLV,0.4155331884765625,
2020-12-22,24.02,24.13,23.31,23.43,SLV,0.4155331884765625,
2020-12-23,23.7,23.98,23.68,23.8,SLV,0.4155331884765625,
2020-12-07,18.4,23.99,17.78,23.58,RKT,0.6523472265625001,
2020-12-08,19.8,20.63,19.66,20.21,RKT,0.6523472265625001,
2020-12-09,20.92,21.97,20.47,21.06,RKT,0.6523472265625001,
2020-12-10,21.34,21.4,20.63,20.8,RKT,0.6523472265625001,
2020-12-11,20.75,21.42,20.7,20.86,RKT,0.6523472265625001,
2020-12-14,21.48,22.64,21.28,21.94,RKT,0.6523472265625001,
2020-12-15,22.33,22.63,21.83,22.36,RKT,0.6523472265625001,
2020-12-16,22.63,22.84,22.22,22.39,RKT,0.6523472265625001,
2020-12-17,22.37,22.53,21.77,22.4,RKT,0.6523472265625001,
2020-12-18,21.52,21.98,21.42,21.64,RKT,0.6523472265625001,
2020-12-21,21.19,22.13,21.06,21.6,RKT,0.6523472265625001,
2020-12-22,21.67,21.77,21.4,21.7,RKT,0.6523472265625001,
2020-12-23,21.86,21.87,21.25,21.65,RKT,0.6523472265625001,
2020-12-07,216.72,289.79,211.29,287.31,MDB,0.5084888018798828,
2020-12-08,281.71,287.45,278.33,282.98,MDB,0.5084888018798828,
2020-12-09,280.1,305.7,274.95,280.01,MDB,0.5084888018798828,
2020-12-10,277.08,319.37,277.08,319.06,MDB,0.5084888018798828,
2020-12-11,313.0,341.45,312.95,340.0,MDB,0.5084888018798828,
2020-12-14,342.21,351.41,338.61,340.12,MDB,0.5084888018798828,
2020-12-15,339.44,348.75,328.06,335.19,MDB,0.5084888018798828,
2020-12-16,334.06,342.0,331.05,336.99,MDB,0.5084888018798828,
2020-12-17,357.38,378.1,347.71,372.85,MDB,0.5084888018798828,
2020-12-18,376.63,379.95,372.04,376.87,MDB,0.5084888018798828,
2020-12-21,376.45,385.22,371.73,383.29,MDB,0.5084888018798828,
2020-12-22,385.06,397.39,382.04,396.0,MDB,0.5084888018798828,
2020-12-23,397.27,399.0,369.11,376.22,MDB,0.5084888018798828,
2020-12-07,176.0,234.44,172.8,227.99,TEAM,0.5058032818603515,
2020-12-08,227.76,235.17,227.76,229.84,TEAM,0.5058032818603515,
2020-12-09,228.94,229.97,220.36,223.54,TEAM,0.5058032818603515,
2020-12-10,222.62,228.41,220.45,227.19,TEAM,0.5058032818603515,
2020-12-11,229.11,232.24,224.72,232.01,TEAM,0.5058032818603515,
2020-12-14,233.77,240.7,233.43,234.74,TEAM,0.5058032818603515,
2020-12-15,234.83,238.16,229.44,237.7,TEAM,0.5058032818603515,
2020-12-16,237.63,245.28,236.62,243.85,TEAM,0.5058032818603515,
2020-12-17,246.44,250.03,245.79,248.05,TEAM,0.5058032818603515,
2020-12-18,248.67,249.99,244.62,247.78,TEAM,0.5058032818603515,
2020-12-21,246.69,249.3,241.15,248.19,TEAM,0.5058032818603515,
2020-12-22,250.0,250.01,244.89,247.01,TEAM,0.5058032818603515,
2020-12-23,247.0,247.85,239.07,240.88,TEAM,0.5058032818603515,
2020-12-07,39.32,56.31,37.31,55.67,RDFN,0.6712679357910158,
2020-12-08,52.64,55.1,52.64,55.06,RDFN,0.6712679357910158,
2020-12-09,55.06,58.37,55.06,56.0,RDFN,0.6712679357910158,
2020-12-10,55.77,58.98,55.1,58.65,RDFN,0.6712679357910158,
2020-12-11,58.76,60.05,58.43,59.7,RDFN,0.6712679357910158,
2020-12-14,60.64,65.13,60.0,64.31,RDFN,0.6712679357910158,
2020-12-15,65.15,68.08,64.03,67.88,RDFN,0.6712679357910158,
2020-12-16,68.0,72.83,67.58,72.75,RDFN,0.6712679357910158,
2020-12-17,73.47,78.77,72.44,76.4,RDFN,0.6712679357910158,
2020-12-18,75.5,77.86,74.61,76.56,RDFN,0.6712679357910158,
2020-12-21,74.0,79.77,73.54,78.53,RDFN,0.6712679357910158,
2020-12-22,79.24,83.71,78.32,82.11,RDFN,0.6712679357910158,
2020-12-23,82.0,82.19,77.04,78.38,RDFN,0.6712679357910158,
2020-12-07,136.68,153.14,133.65,151.84,JNJ,0.25794199096679693,
2020-12-08,150.0,152.14,149.55,151.55,JNJ,0.25794199096679693,
2020-12-09,152.83,153.5,151.76,153.1,JNJ,0.25794199096679693,
2020-12-10,152.82,152.98,151.68,152.25,JNJ,0.25794199096679693,
2020-12-11,151.53,153.41,151.23,152.95,JNJ,0.25794199096679693,
2020-12-14,153.25,153.48,148.99,149.07,JNJ,0.25794199096679693,
2020-12-15,150.0,150.75,149.53,150.57,JNJ,0.25794199096679693,
2020-12-16,150.2,150.92,149.55,149.67,JNJ,0.25794199096679693,
2020-12-17,150.09,153.89,149.96,153.62,JNJ,0.25794199096679693,
2020-12-18,153.65,155.1,151.67,154.51,JNJ,0.25794199096679693,
2020-12-21,152.01,153.41,150.05,153.02,JNJ,0.25794199096679693,
2020-12-22,152.4,153.9,151.86,152.72,JNJ,0.25794199096679693,
2020-12-23,152.8,153.6,151.9,151.94,JNJ,0.25794199096679693,
2020-12-07,151.01,215.0,148.0,212.92,SQ,0.5280808911132813,
2020-12-08,213.33,213.9,208.25,213.01,SQ,0.5280808911132813,
2020-12-09,213.96,220.5,205.01,207.04,SQ,0.5280808911132813,
2020-12-10,205.39,217.61,203.57,217.25,SQ,0.5280808911132813,
2020-12-11,218.26,222.2,213.17,216.59,SQ,0.5280808911132813,
2020-12-14,218.01,220.43,214.5,215.86,SQ,0.5280808911132813,
2020-12-15,218.41,221.72,216.73,219.99,SQ,0.5280808911132813,
2020-12-16,223.86,227.96,220.03,227.08,SQ,0.5280808911132813,
2020-12-17,230.0,237.09,227.7,230.74,SQ,0.5280808911132813,
2020-12-18,235.0,236.37,231.1,235.45,SQ,0.5280808911132813,
2020-12-21,236.09,241.85,232.26,233.5,SQ,0.5280808911132813,
2020-12-22,236.5,243.38,236.0,241.58,SQ,0.5280808911132813,
2020-12-23,241.36,241.82,230.58,230.68,SQ,0.5280808911132813,
2020-12-07,70.92,95.71,70.72,93.94,LOGI,0.4155331884765625,
2020-12-08,88.0,90.49,87.88,89.66,LOGI,0.4155331884765625,
2020-12-09,89.9,90.07,87.44,88.15,LOGI,0.4155331884765625,
2020-12-10,87.84,89.93,87.62,89.6,LOGI,0.4155331884765625,
2020-12-11,89.06,91.23,88.87,89.79,LOGI,0.4155331884765625,
2020-12-14,90.14,90.67,89.28,89.39,LOGI,0.4155331884765625,
2020-12-15,90.57,90.98,89.83,90.4,LOGI,0.4155331884765625,
2020-12-16,91.59,92.06,90.92,91.45,LOGI,0.4155331884765625,
2020-12-17,93.39,94.06,92.7,93.71,LOGI,0.4155331884765625,
2020-12-18,93.65,94.87,92.92,94.85,LOGI,0.4155331884765625,
2020-12-21,93.4,95.22,92.82,95.06,LOGI,0.4155331884765625,
2020-12-22,94.55,95.94,94.34,95.02,LOGI,0.4155331884765625,
2020-12-23,94.73,95.0,93.69,93.81,LOGI,0.4155331884765625,
2020-12-07,21.99,41.8,21.34,38.74,AMWL,0.788088056640625,
2020-12-08,28.59,30.94,28.5,30.51,AMWL,0.788088056640625,
2020-12-09,30.58,31.4,28.91,29.8,AMWL,0.788088056640625,
2020-12-10,28.62,30.65,28.62,30.62,AMWL,0.788088056640625,
2020-12-11,30.29,32.53,30.29,31.63,AMWL,0.788088056640625,
2020-12-14,31.61,33.42,31.41,33.18,AMWL,0.788088056640625,
2020-12-15,33.45,33.75,28.05,30.21,AMWL,0.788088056640625,
2020-12-16,28.66,28.8,26.75,26.89,AMWL,0.788088056640625,
2020-12-17,27.25,28.44,27.0,28.34,AMWL,0.788088056640625,
2020-12-18,28.2,28.34,26.77,27.0,AMWL,0.788088056640625,
2020-12-21,26.49,27.47,26.39,27.14,AMWL,0.788088056640625,
2020-12-22,27.46,29.21,27.42,28.74,AMWL,0.788088056640625,
2020-12-23,29.0,30.7,28.56,29.95,AMWL,0.788088056640625,
2020-12-07,127.66,211.36,125.49,207.0,FVRR,0.7612328564453126,
2020-12-08,200.0,200.0,191.01,196.91,FVRR,0.7612328564453126,
2020-12-09,199.0,200.98,187.25,190.76,FVRR,0.7612328564453126,
2020-12-10,184.0,200.41,181.03,199.69,FVRR,0.7612328564453126,
2020-12-11,200.26,205.39,195.03,201.39,FVRR,0.7612328564453126,
2020-12-14,203.06,207.79,202.49,206.59,FVRR,0.7612328564453126,
2020-12-15,206.0,210.75,203.61,205.85,FVRR,0.7612328564453126,
2020-12-16,198.54,204.79,190.29,202.01,FVRR,0.7612328564453126,
2020-12-17,202.59,205.13,196.72,204.62,FVRR,0.7612328564453126,
2020-12-18,205.0,213.5,200.68,209.29,FVRR,0.7612328564453126,
2020-12-21,209.98,228.21,207.61,221.87,FVRR,0.7612328564453126,
2020-12-22,224.16,228.49,213.29,223.38,FVRR,0.7612328564453126,
2020-12-23,225.61,227.97,212.19,216.28,FVRR,0.7612328564453126,
2020-12-07,4.65,12.15,4.41,10.1,TLRY,1.1875040625,
2020-12-08,8.08,8.39,7.94,8.29,TLRY,1.1875040625,
2020-12-09,8.33,8.37,7.64,7.92,TLRY,1.1875040625,
2020-12-10,7.6,8.11,7.58,8.07,TLRY,1.1875040625,
2020-12-11,8.08,8.13,7.67,7.77,TLRY,1.1875040625,
2020-12-14,7.93,7.93,7.35,7.37,TLRY,1.1875040625,
2020-12-15,7.44,7.88,7.16,7.87,TLRY,1.1875040625,
2020-12-16,9.9,10.01,9.1,9.33,TLRY,1.1875040625,
2020-12-17,9.35,9.42,8.83,8.96,TLRY,1.1875040625,
2020-12-18,8.95,9.27,8.79,8.89,TLRY,1.1875040625,
2020-12-21,8.54,8.86,8.29,8.39,TLRY,1.1875040625,
2020-12-22,8.47,8.74,8.22,8.46,TLRY,1.1875040625,
2020-12-23,8.55,9.31,8.27,8.89,TLRY,1.1875040625,
2020-12-07,124.55,172.69,118.1,170.72,CRWD,0.538212625732422,
2020-12-08,171.29,178.88,170.8,177.48,CRWD,0.538212625732422,
2020-12-09,175.44,177.7,162.89,166.17,CRWD,0.538212625732422,
2020-12-10,165.35,181.8,164.15,179.99,CRWD,0.538212625732422,
2020-12-11,177.17,178.88,171.38,175.92,CRWD,0.538212625732422,
2020-12-14,176.81,179.51,172.88,173.8,CRWD,0.538212625732422,
2020-12-15,175.4,176.5,172.4,174.93,CRWD,0.538212625732422,
2020-12-16,177.05,182.21,176.55,179.79,CRWD,0.538212625732422,
2020-12-17,182.14,186.9,180.79,185.25,CRWD,0.538212625732422,
2020-12-18,193.7,205.91,193.7,203.75,CRWD,0.538212625732422,
2020-12-21,202.24,211.61,201.8,210.65,CRWD,0.538212625732422,
2020-12-22,213.01,225.75,211.55,224.9,CRWD,0.538212625732422,
2020-12-23,225.63,227.26,216.21,223.5,CRWD,0.538212625732422,
2020-12-07,449.57,915.0,437.17,912.63,TTD,0.5176287251281739,
2020-12-08,910.0,922.19,907.42,915.0,TTD,0.5176287251281739,
2020-12-09,918.68,934.57,872.48,885.26,TTD,0.5176287251281739,
2020-12-10,876.17,919.54,871.03,917.58,TTD,0.5176287251281739,
2020-12-11,915.67,930.0,904.0,926.14,TTD,0.5176287251281739,
2020-12-14,929.0,932.99,903.82,922.42,TTD,0.5176287251281739,
2020-12-15,923.26,947.92,923.25,933.13,TTD,0.5176287251281739,
2020-12-16,927.96,941.8,912.2,939.72,TTD,0.5176287251281739,
2020-12-17,945.0,954.5,935.5,942.4,TTD,0.5176287251281739,
2020-12-18,949.95,959.08,937.26,951.5,TTD,0.5176287251281739,
2020-12-21,938.0,963.4,921.28,935.53,TTD,0.5176287251281739,
2020-12-22,942.26,972.8,931.77,971.12,TTD,0.5176287251281739,
2020-12-23,969.0,970.0,921.91,923.99,TTD,0.5176287251281739,
2020-12-07,83.41,118.13,79.76,116.87,DDOG,0.5318650329589845,
2020-12-08,99.39,100.18,96.23,99.85,DDOG,0.5318650329589845,
2020-12-09,100.0,100.75,94.75,95.65,DDOG,0.5318650329589845,
2020-12-10,94.51,103.77,93.92,101.53,DDOG,0.5318650329589845,
2020-12-11,99.57,100.96,96.36,98.98,DDOG,0.5318650329589845,
2020-12-14,100.0,103.43,99.62,102.27,DDOG,0.5318650329589845,
2020-12-15,103.08,105.63,99.9,101.23,DDOG,0.5318650329589845,
2020-12-16,101.53,105.0,101.3,104.55,DDOG,0.5318650329589845,
2020-12-17,105.53,109.85,105.13,108.7,DDOG,0.5318650329589845,
2020-12-18,109.24,109.61,107.03,107.72,DDOG,0.5318650329589845,
2020-12-21,105.97,107.17,103.34,106.46,DDOG,0.5318650329589845,
2020-12-22,107.96,111.08,106.85,111.07,DDOG,0.5318650329589845,
2020-12-23,110.71,111.49,107.4,107.44,DDOG,0.5318650329589845,
2020-12-07,14.76,27.63,14.55,27.04,PLAY,0.7251004052734374,
2020-12-08,24.78,25.98,24.63,25.37,PLAY,0.7251004052734374,
2020-12-09,25.55,26.16,25.03,25.63,PLAY,0.7251004052734374,
2020-12-10,25.0,25.77,24.92,25.73,PLAY,0.7251004052734374,
2020-12-11,25.5,26.19,24.34,25.02,PLAY,0.7251004052734374,
2020-12-14,25.63,25.94,23.96,24.07,PLAY,0.7251004052734374,
2020-12-15,24.36,26.87,24.3,26.81,PLAY,0.7251004052734374,
2020-12-16,26.25,26.9,25.51,26.15,PLAY,0.7251004052734374,
2020-12-17,25.77,28.31,25.5,28.19,PLAY,0.7251004052734374,
2020-12-18,27.78,28.67,27.24,27.78,PLAY,0.7251004052734374,
2020-12-21,26.5,28.31,26.17,28.0,PLAY,0.7251004052734374,
2020-12-22,28.19,28.8,27.4,28.55,PLAY,0.7251004052734374,
2020-12-23,28.77,29.89,28.77,29.14,PLAY,0.7251004052734374,
2020-12-07,77.75,158.2,75.7,155.71,U,0.8865367791748047,
2020-12-08,158.0,167.87,158.0,167.25,U,0.8865367791748047,
2020-12-09,169.8,170.55,149.12,152.0,U,0.8865367791748047,
2020-12-10,151.46,161.25,150.5,158.18,U,0.8865367791748047,
2020-12-11,158.0,159.47,151.62,152.5,U,0.8865367791748047,
2020-12-14,154.5,156.0,143.65,146.72,U,0.8865367791748047,
2020-12-15,150.0,150.01,142.33,144.58,U,0.8865367791748047,
2020-12-16,145.89,150.76,144.68,146.69,U,0.8865367791748047,
2020-12-17,154.16,156.99,148.55,151.27,U,0.8865367791748047,
2020-12-18,155.0,158.43,151.0,157.77,U,0.8865367791748047,
2020-12-21,158.0,165.7,155.1,165.37,U,0.8865367791748047,
2020-12-22,168.0,173.59,161.55,172.29,U,0.8865367791748047,
2020-12-23,174.89,174.94,165.01,167.95,U,0.8865367791748047,
2020-12-07,226.75,253.08,223.35,246.38,AMT,0.28552960571289054,
2020-12-08,223.27,224.77,222.18,223.61,AMT,0.28552960571289054,
2020-12-09,222.72,223.04,216.22,219.44,AMT,0.28552960571289054,
2020-12-10,220.21,221.93,218.48,219.41,AMT,0.28552960571289054,
2020-12-11,218.0,220.17,215.41,219.82,AMT,0.28552960571289054,
2020-12-14,220.97,222.43,216.4,216.72,AMT,0.28552960571289054,
2020-12-15,217.08,218.36,215.55,217.25,AMT,0.28552960571289054,
2020-12-16,218.28,219.8,215.68,219.62,AMT,0.28552960571289054,
2020-12-17,221.1,223.6,220.13,222.71,AMT,0.28552960571289054,
2020-12-18,222.18,223.23,219.84,221.52,AMT,0.28552960571289054,
2020-12-21,218.36,220.5,217.14,219.78,AMT,0.28552960571289054,
2020-12-22,219.29,220.85,218.27,220.49,AMT,0.28552960571289054,
2020-12-23,221.27,223.6,217.38,217.4,AMT,0.28552960571289054,
2020-12-07,101.02,146.66,100.61,146.07,MTCH,0.4493463269042969,
2020-12-08,146.56,147.4,144.03,145.42,MTCH,0.4493463269042969,
2020-12-09,146.63,148.65,142.66,143.52,MTCH,0.4493463269042969,
2020-12-10,143.15,148.09,141.64,147.32,MTCH,0.4493463269042969,
2020-12-11,146.81,148.5,144.76,148.11,MTCH,0.4493463269042969,
2020-12-14,149.6,150.55,144.65,144.81,MTCH,0.4493463269042969,
2020-12-15,146.5,151.18,145.65,150.84,MTCH,0.4493463269042969,
2020-12-16,152.75,154.9,151.61,153.9,MTCH,0.4493463269042969,
2020-12-17,155.0,159.53,148.39,148.75,MTCH,0.4493463269042969,
2020-12-18,150.93,157.22,150.0,155.07,MTCH,0.4493463269042969,
2020-12-21,152.26,155.53,148.68,154.15,MTCH,0.4493463269042969,
2020-12-22,153.91,158.4,153.29,156.12,MTCH,0.4493463269042969,
2020-12-23,157.57,157.17,153.16,153.39,MTCH,0.4493463269042969,
2020-12-07,47.68,71.11,46.27,69.6,SDGR,0.6911651977539064,
2020-12-08,67.47,67.5,63.8,67.24,SDGR,0.6911651977539064,
2020-12-09,66.63,69.57,65.83,66.21,SDGR,0.6911651977539064,
2020-12-10,65.0,68.3,64.5,67.93,SDGR,0.6911651977539064,
2020-12-11,67.15,74.45,67.0,71.81,SDGR,0.6911651977539064,
2020-12-14,72.97,75.23,71.5,72.03,SDGR,0.6911651977539064,
2020-12-15,72.03,74.3,71.68,74.26,SDGR,0.6911651977539064,
2020-12-16,74.3,77.86,73.46,77.48,SDGR,0.6911651977539064,
2020-12-17,77.48,79.07,74.92,78.35,SDGR,0.6911651977539064,
2020-12-18,79.19,81.31,78.12,79.86,SDGR,0.6911651977539064,
2020-12-21,77.7,83.14,77.1,82.71,SDGR,0.6911651977539064,
2020-12-22,83.45,85.68,81.75,83.41,SDGR,0.6911651977539064,
2020-12-23,83.24,86.37,82.0,84.4,SDGR,0.6911651977539064,
2020-12-07,34.7,67.82,34.65,66.89,RHP,0.0,
2020-12-08,63.43,66.22,63.42,65.93,RHP,0.0,
2020-12-09,66.66,69.14,66.43,66.97,RHP,0.0,
2020-12-10,66.08,68.17,65.47,68.16,RHP,0.0,
2020-12-11,67.32,68.71,65.07,65.98,RHP,0.0,
2020-12-14,66.52,66.96,62.8,63.19,RHP,0.0,
2020-12-15,63.94,64.22,62.46,64.06,RHP,0.0,
2020-12-16,63.93,64.61,62.86,63.86,RHP,0.0,
2020-12-17,64.03,64.3,62.17,63.13,RHP,0.0,
2020-12-18,62.56,63.27,61.09,61.47,RHP,0.0,
2020-12-21,60.08,63.04,59.0,61.83,RHP,0.0,
2020-12-22,61.78,62.49,60.83,62.35,RHP,0.0,
2020-12-23,63.0,65.53,63.0,64.85,RHP,0.0,
2020-12-07,92.05,123.5,91.38,123.32,JPM,0.3347234497070312,
2020-12-08,121.04,122.33,120.76,122.0,JPM,0.3347234497070312,
2020-12-09,123.17,123.3,120.44,121.05,JPM,0.3347234497070312,
2020-12-10,119.99,120.78,119.56,120.27,JPM,0.3347234497070312,
2020-12-11,118.94,120.02,118.37,119.56,JPM,0.3347234497070312,
2020-12-14,121.34,121.42,118.11,118.3,JPM,0.3347234497070312,
2020-12-15,119.29,120.9,118.62,120.32,JPM,0.3347234497070312,
2020-12-16,120.3,121.08,119.86,120.67,JPM,0.3347234497070312,
2020-12-17,121.26,121.45,119.58,119.67,JPM,0.3347234497070312,
2020-12-18,119.14,119.88,118.27,119.08,JPM,0.3347234497070312,
2020-12-21,123.17,125.0,121.09,123.55,JPM,0.3347234497070312,
2020-12-22,123.39,123.52,121.61,121.67,JPM,0.3347234497070312,
2020-12-23,122.78,126.52,122.35,125.07,JPM,0.3347234497070312,
2020-12-07,15.5,33.87,14.92,33.8,SPCE,0.726565234375,
2020-12-08,33.07,33.69,31.61,33.39,SPCE,0.726565234375,
2020-12-09,34.0,35.82,30.51,32.13,SPCE,0.726565234375,
2020-12-10,30.23,32.6,29.61,32.18,SPCE,0.726565234375,
2020-12-11,31.95,34.6,31.86,32.04,SPCE,0.726565234375,
2020-12-14,27.11,28.83,26.38,26.47,SPCE,0.726565234375,
2020-12-15,26.91,27.05,24.38,24.51,SPCE,0.726565234375,
2020-12-16,24.98,26.87,24.51,25.86,SPCE,0.726565234375,
2020-12-17,25.65,26.15,24.7,25.5,SPCE,0.726565234375,
2020-12-18,24.0,25.33,23.78,23.84,SPCE,0.726565234375,
2020-12-21,24.17,25.31,23.92,24.8,SPCE,0.726565234375,
2020-12-22,25.42,25.94,24.35,25.47,SPCE,0.726565234375,
2020-12-23,25.55,27.44,25.23,26.82,SPCE,0.726565234375,
2020-12-07,154.78,184.7,151.0,183.39,TTWO,0.3319158605957031,
2020-12-08,184.41,186.73,182.44,183.6,TTWO,0.3319158605957031,
2020-12-09,181.25,185.14,181.0,183.68,TTWO,0.3319158605957031,
2020-12-10,182.83,188.54,182.35,187.82,TTWO,0.3319158605957031,
2020-12-11,188.19,191.0,186.84,190.21,TTWO,0.3319158605957031,
2020-12-14,193.38,203.69,193.0,195.2,TTWO,0.3319158605957031,
2020-12-15,195.99,197.19,193.63,194.7,TTWO,0.3319158605957031,
2020-12-16,194.54,197.88,193.75,195.12,TTWO,0.3319158605957031,
2020-12-17,197.01,197.45,191.76,197.4,TTWO,0.3319158605957031,
2020-12-18,197.99,205.84,197.4,203.39,TTWO,0.3319158605957031,
2020-12-21,203.96,204.42,198.28,201.77,TTWO,0.3319158605957031,
2020-12-22,202.74,204.16,200.58,201.86,TTWO,0.3319158605957031,
2020-12-23,202.8,203.44,199.93,201.82,TTWO,0.3319158605957031,
2020-12-07,315.01,420.0,305.63,418.0,DXCM,0.5086719055175781,
2020-12-08,338.45,348.28,333.33,348.16,DXCM,0.5086719055175781,
2020-12-09,347.81,349.5,329.6,333.39,DXCM,0.5086719055175781,
2020-12-10,332.0,349.43,330.09,347.19,DXCM,0.5086719055175781,
2020-12-11,342.45,351.5,341.74,347.71,DXCM,0.5086719055175781,
2020-12-14,349.15,358.94,348.04,353.59,DXCM,0.5086719055175781,
2020-12-15,356.65,357.38,345.0,354.21,DXCM,0.5086719055175781,
2020-12-16,352.2,356.82,348.88,352.35,DXCM,0.5086719055175781,
2020-12-17,355.37,359.55,352.54,357.91,DXCM,0.5086719055175781,
2020-12-18,361.46,365.5,353.48,358.57,DXCM,0.5086719055175781,
2020-12-21,352.67,354.93,346.64,348.85,DXCM,0.5086719055175781,
2020-12-22,348.95,354.25,345.43,354.23,DXCM,0.5086719055175781,
2020-12-23,357.17,364.99,355.98,355.99,DXCM,0.5086719055175781,
2020-12-07,17.01,27.77,16.89,27.73,VXX,0.92773509765625,
2020-12-08,17.32,17.34,16.59,16.59,VXX,0.92773509765625,
2020-12-09,16.41,17.35,16.28,17.2,VXX,0.92773509765625,
2020-12-10,17.34,17.47,16.89,17.36,VXX,0.92773509765625,
2020-12-11,17.79,18.48,17.52,18.0,VXX,0.92773509765625,
2020-12-14,17.42,18.48,17.26,18.41,VXX,0.92773509765625,
2020-12-15,17.99,18.2,17.54,17.56,VXX,0.92773509765625,
2020-12-16,17.52,17.71,16.97,16.99,VXX,0.92773509765625,
2020-12-17,17.02,17.12,16.62,16.75,VXX,0.92773509765625,
2020-12-18,16.88,17.57,16.87,17.08,VXX,0.92773509765625,
2020-12-21,18.78,19.47,18.06,18.44,VXX,0.92773509765625,
2020-12-22,18.23,18.48,18.01,18.11,VXX,0.92773509765625,
2020-12-23,17.72,17.76,17.06,17.38,VXX,0.92773509765625,
2020-12-07,30.34,41.77,28.45,40.35,TWOU,0.6613803393554689,
2020-12-08,32.44,32.94,32.16,32.65,TWOU,0.6613803393554689,
2020-12-09,33.0,34.05,32.6,32.66,TWOU,0.6613803393554689,
2020-12-10,32.28,34.44,31.98,34.26,TWOU,0.6613803393554689,
2020-12-11,34.29,35.17,33.15,33.75,TWOU,0.6613803393554689,
2020-12-14,34.0,37.5,34.0,36.83,TWOU,0.6613803393554689,
2020-12-15,36.63,37.0,35.55,35.88,TWOU,0.6613803393554689,
2020-12-16,36.09,36.87,35.88,36.4,TWOU,0.6613803393554689,
2020-12-17,36.89,38.26,36.54,37.49,TWOU,0.6613803393554689,
2020-12-18,37.73,39.13,37.63,38.97,TWOU,0.6613803393554689,
2020-12-21,38.14,41.2,37.94,40.05,TWOU,0.6613803393554689,
2020-12-22,40.19,42.58,40.06,41.78,TWOU,0.6613803393554689,
2020-12-23,41.99,43.71,41.79,42.57,TWOU,0.6613803393554689,
2020-12-07,23.43,38.36,23.07,38.23,RDS-A,0.0,
2020-12-08,37.29,37.81,37.21,37.39,RDS-A,0.0,
2020-12-09,38.14,38.33,37.11,37.58,RDS-A,0.0,
2020-12-10,37.72,38.87,37.62,38.42,RDS-A,0.0,
2020-12-11,37.95,37.97,37.16,37.81,RDS-A,0.0,
2020-12-14,37.34,37.62,36.38,36.42,RDS-A,0.0,
2020-12-15,36.9,37.64,36.62,37.58,RDS-A,0.0,
2020-12-16,37.6,38.08,37.32,37.83,RDS-A,0.0,
2020-12-17,38.05,38.34,37.87,38.1,RDS-A,0.0,
2020-12-18,37.88,38.01,37.16,37.3,RDS-A,0.0,
2020-12-21,34.96,35.79,34.71,35.54,RDS-A,0.0,
2020-12-22,35.35,35.47,34.88,34.94,RDS-A,0.0,
2020-12-23,35.88,36.51,35.85,35.94,RDS-A,0.0,
2020-12-07,255.0,319.32,252.55,317.14,BABA,0.34003345520019534,
2020-12-08,265.2,268.4,263.87,266.09,BABA,0.34003345520019534,
2020-12-09,267.56,267.91,263.1,263.8,BABA,0.34003345520019534,
2020-12-10,261.99,266.09,261.2,264.87,BABA,0.34003345520019534,
2020-12-11,264.29,265.32,262.5,264.54,BABA,0.34003345520019534,
2020-12-14,260.32,260.86,256.03,256.03,BABA,0.34003345520019534,
2020-12-15,255.34,255.68,252.3,255.11,BABA,0.34003345520019534,
2020-12-16,257.74,263.18,257.04,261.89,BABA,0.34003345520019534,
2020-12-17,264.7,264.85,260.2,264.43,BABA,0.34003345520019534,
2020-12-18,263.9,264.9,259.2,260.0,BABA,0.34003345520019534,
2020-12-21,255.17,260.46,254.5,260.43,BABA,0.34003345520019534,
2020-12-22,257.87,258.34,255.41,255.83,BABA,0.34003345520019534,
2020-12-23,255.5,257.35,252.53,256.18,BABA,0.34003345520019534,
2020-12-07,27.2,41.5,27.01,39.05,EDIT,1.4694850744628907,
2020-12-08,40.36,43.65,38.72,43.18,EDIT,1.4694850744628907,
2020-12-09,43.5,55.05,43.38,50.58,EDIT,1.4694850744628907,
2020-12-10,58.24,67.27,56.52,66.84,EDIT,1.4694850744628907,
2020-12-11,65.17,65.41,57.21,61.92,EDIT,1.4694850744628907,
2020-12-14,60.15,67.68,59.8,61.49,EDIT,1.4694850744628907,
2020-12-15,63.01,65.22,62.06,64.93,EDIT,1.4694850744628907,
2020-12-16,64.98,66.0,63.25,63.99,EDIT,1.4694850744628907,
2020-12-17,64.0,65.25,60.9,62.71,EDIT,1.4694850744628907,
2020-12-18,63.0,64.66,62.26,64.41,EDIT,1.4694850744628907,
2020-12-21,63.8,96.45,62.32,83.66,EDIT,1.4694850744628907,
2020-12-22,89.8,89.89,79.0,81.06,EDIT,1.4694850744628907,
2020-12-23,80.8,84.39,75.1,81.6,EDIT,1.4694850744628907,
2020-12-07,81.0,163.56,79.31,149.72,CRSP,0.8927012683105469,
2020-12-08,149.99,151.6,140.51,146.47,CRSP,0.8927012683105469,
2020-12-09,146.33,157.9,144.4,146.63,CRSP,0.8927012683105469,
2020-12-10,145.74,156.7,140.21,154.26,CRSP,0.8927012683105469,
2020-12-11,154.18,156.4,145.31,148.41,CRSP,0.8927012683105469,
2020-12-14,153.51,159.95,150.02,150.06,CRSP,0.8927012683105469,
2020-12-15,154.6,154.85,144.19,149.97,CRSP,0.8927012683105469,
2020-12-16,150.26,151.62,146.58,146.61,CRSP,0.8927012683105469,
2020-12-17,148.5,152.49,146.25,149.13,CRSP,0.8927012683105469,
2020-12-18,150.25,151.87,147.0,148.61,CRSP,0.8927012683105469,
2020-12-21,148.19,176.99,146.6,166.84,CRSP,0.8927012683105469,
2020-12-22,174.99,176.98,167.43,170.08,CRSP,0.8927012683105469,
2020-12-23,176.56,178.01,168.31,173.23,CRSP,0.8927012683105469,
2020-12-07,19.26,49.68,18.81,46.59,NTLA,1.1064497802734377,
2020-12-08,46.63,49.22,44.52,47.26,NTLA,1.1064497802734377,
2020-12-09,47.36,52.5,47.34,48.71,NTLA,1.1064497802734377,
2020-12-10,48.78,56.36,48.51,55.86,NTLA,1.1064497802734377,
2020-12-11,55.0,55.59,50.8,53.26,NTLA,1.1064497802734377,
2020-12-14,55.25,56.99,51.5,52.1,NTLA,1.1064497802734377,
2020-12-15,53.44,54.86,52.32,53.63,NTLA,1.1064497802734377,
2020-12-16,53.93,54.35,50.93,53.37,NTLA,1.1064497802734377,
2020-12-17,53.18,54.9,52.0,54.52,NTLA,1.1064497802734377,
2020-12-18,55.03,56.44,53.69,55.41,NTLA,1.1064497802734377,
2020-12-21,54.3,68.84,53.49,62.73,NTLA,1.1064497802734377,
2020-12-22,63.58,68.45,63.27,63.53,NTLA,1.1064497802734377,
2020-12-23,64.35,67.39,60.28,63.35,NTLA,1.1064497802734377,
2020-12-07,22.88,69.11,22.13,67.68,BEAM,1.1720012103271484,
2020-12-08,67.8,76.5,66.58,75.26,BEAM,1.1720012103271484,
2020-12-09,70.63,74.58,68.89,72.84,BEAM,1.1720012103271484,
2020-12-10,71.79,82.55,71.02,77.5,BEAM,1.1720012103271484,
2020-12-11,76.92,78.6,73.26,78.35,BEAM,1.1720012103271484,
2020-12-14,79.21,84.87,78.0,83.91,BEAM,1.1720012103271484,
2020-12-15,85.51,86.45,76.77,77.7,BEAM,1.1720012103271484,
2020-12-16,79.07,79.79,66.15,72.15,BEAM,1.1720012103271484,
2020-12-17,71.86,73.89,69.0,72.1,BEAM,1.1720012103271484,
2020-12-18,73.2,77.37,71.56,72.35,BEAM,1.1720012103271484,
2020-12-21,71.0,91.94,67.54,89.14,BEAM,1.1720012103271484,
2020-12-22,100.65,100.65,81.0,88.52,BEAM,1.1720012103271484,
2020-12-23,88.79,92.22,83.09,90.65,BEAM,1.1720012103271484,
2020-12-07,10.37,14.5,9.85,14.05,DMTK,1.9462893310546878,
2020-12-08,11.86,12.13,11.5,11.82,DMTK,1.9462893310546878,
2020-12-09,11.93,12.0,11.31,11.72,DMTK,1.9462893310546878,
2020-12-10,11.77,11.84,11.25,11.45,DMTK,1.9462893310546878,
2020-12-11,12.2,12.35,11.42,11.49,DMTK,1.9462893310546878,
2020-12-14,12.41,14.49,12.41,13.95,DMTK,1.9462893310546878,
2020-12-15,13.9,14.42,13.15,13.62,DMTK,1.9462893310546878,
2020-12-16,13.79,14.06,13.07,13.51,DMTK,1.9462893310546878,
2020-12-17,13.38,14.5,13.17,14.3,DMTK,1.9462893310546878,
2020-12-18,16.55,17.73,15.45,15.49,DMTK,1.9462893310546878,
2020-12-21,15.34,17.73,15.31,17.25,DMTK,1.9462893310546878,
2020-12-22,18.04,21.26,17.7,20.66,DMTK,1.9462893310546878,
2020-12-23,20.7,27.4,20.12,23.4,DMTK,1.9462893310546878,
2020-12-02,6.17,19.96,6.07,19.47,MGNI,1.0161182006835938,
2020-12-03,18.93,20.35,18.64,20.13,MGNI,1.0161182006835938,
2020-12-04,20.53,21.28,20.31,21.07,MGNI,1.0161182006835938,
2020-12-07,21.71,21.87,20.15,20.5,MGNI,1.0161182006835938,
2020-12-08,20.01,20.47,18.55,19.39,MGNI,1.0161182006835938,
2020-12-09,19.48,19.76,17.81,18.56,MGNI,1.0161182006835938,
2020-12-10,18.19,19.67,17.82,19.47,MGNI,1.0161182006835938,
2020-12-11,19.5,20.72,19.21,19.42,MGNI,1.0161182006835938,
2020-12-14,19.68,19.81,18.61,18.75,MGNI,1.0161182006835938,
2020-12-15,18.92,19.38,18.51,18.55,MGNI,1.0161182006835938,
2020-12-16,18.7,19.67,17.94,19.66,MGNI,1.0161182006835938,
2020-12-17,19.79,20.32,19.43,19.89,MGNI,1.0161182006835938,
2020-12-23,31.8,32.98,29.51,31.71,MGNI,1.0161182006835938,
2020-12-07,13.9,23.5,13.7,23.45,SLB,0.5127001855468749,
2020-12-08,22.5,23.3,22.44,23.23,SLB,0.5127001855468749,
2020-12-09,23.3,23.79,22.97,23.37,SLB,0.5127001855468749,
2020-12-10,22.47,23.89,22.22,23.38,SLB,0.5127001855468749,
2020-12-11,23.13,23.19,22.48,22.94,SLB,0.5127001855468749,
2020-12-14,23.31,23.4,21.99,22.18,SLB,0.5127001855468749,
2020-12-15,22.46,23.07,22.24,22.97,SLB,0.5127001855468749,
2020-12-16,22.92,23.07,22.45,22.84,SLB,0.5127001855468749,
2020-12-17,22.99,23.12,22.66,22.93,SLB,0.5127001855468749,
2020-12-18,22.85,22.96,22.24,22.31,SLB,0.5127001855468749,
2020-12-21,21.41,21.98,21.08,21.78,SLB,0.5127001855468749,
2020-12-22,21.78,21.82,21.24,21.36,SLB,0.5127001855468749,
2020-12-23,21.5,22.27,21.45,21.92,SLB,0.5127001855468749,
2020-12-07,9.99,17.16,9.98,16.25,XL,0.0,
2020-12-08,16.0,16.3,15.02,15.72,XL,0.0,
2020-12-09,18.23,18.38,16.31,17.18,XL,0.0,
2020-12-10,16.25,17.5,16.05,17.16,XL,0.0,
2020-12-11,16.9,17.24,15.39,16.19,XL,0.0,
2020-12-14,16.45,16.48,15.11,15.6,XL,0.0,
2020-12-15,15.52,15.54,14.2,14.29,XL,0.0,
2020-12-16,14.43,15.5,14.3,15.05,XL,0.0,
2020-12-17,14.81,15.36,14.56,15.36,XL,0.0,
2020-12-18,15.46,15.94,14.95,15.32,XL,0.0,
2020-12-21,18.56,19.8,18.0,19.54,XL,0.0,
2020-12-22,18.89,19.3,17.25,17.52,XL,0.0,
2020-12-23,18.89,34.61,18.81,32.59,XL,0.0,
2020-12-07,11.08,18.6,10.5,17.84,SKLZ,1.2480506347656248,
2020-12-08,18.29,20.4,18.02,19.59,SKLZ,1.2480506347656248,
2020-12-09,19.53,20.48,17.17,18.85,SKLZ,1.2480506347656248,
2020-12-10,19.52,21.27,19.1,19.75,SKLZ,1.2480506347656248,
2020-12-11,19.72,19.75,18.07,19.5,SKLZ,1.2480506347656248,
2020-12-14,19.35,20.43,18.62,19.19,SKLZ,1.2480506347656248,
2020-12-15,18.95,19.35,17.28,18.0,SKLZ,1.2480506347656248,
2020-12-16,18.2,19.74,17.1,17.68,SKLZ,1.2480506347656248,
2020-12-17,17.89,22.8,16.5,22.73,SKLZ,1.2480506347656248,
2020-12-18,22.85,23.87,20.06,20.92,SKLZ,1.2480506347656248,
2020-12-21,20.57,21.68,19.23,19.76,SKLZ,1.2480506347656248,
2020-12-22,20.21,21.6,19.44,19.98,SKLZ,1.2480506347656248,
2020-12-23,20.78,20.87,19.39,19.57,SKLZ,1.2480506347656248,
